EnrollmentID,StudentID,CourseID,Semester,Year,MidtermScore,FinalScore,TotalScore,LetterGrade
1,2500175,251CN3,1,2025,5.6,6.3,6.0,C
2,2500896,251ML3,1,2025,9.4,5.0,6.8,C
3,2500360,251SE2,1,2025,3.3,6.0,4.9,D
4,2500309,251DB1,1,2025,7.6,3.8,5.3,D
5,2500607,251OOP3,1,2025,8.8,5.8,7.0,B
6,2500554,251DM1,1,2025,4.3,6.3,5.5,C
7,2500972,251OOP3,1,2025,9.9,7.7,8.6,A
8,2500623,251DM2,1,2025,5.8,4.3,4.9,D
9,2500907,251OS2,1,2025,7.7,7.8,7.8,B
10,2500374,251DB2,1,2025,9.1,8.0,8.4,B
11,2500766,251DB1,1,2025,5.9,3.1,4.2,D
12,2500620,251AI2,1,2025,9.6,5.0,6.8,C
13,2500523,251CN3,1,2025,9.1,7.6,8.2,B
14,2500125,251CN3,1,2025,4.0,5.6,5.0,D
15,2500923,251OS3,1,2025,7.4,9.0,8.4,B
16,2500425,251CN2,1,2025,7.3,3.6,5.1,D
17,2500500,251SE2,1,2025,5.6,8.8,7.5,B
18,2500168,251WP2,1,2025,7.7,8.9,8.4,B
19,2500910,251WP3,1,2025,3.5,7.7,6.0,C
20,2500100,251ML3,1,2025,7.1,9.7,8.7,A
21,2500327,251DM3,1,2025,5.0,7.1,6.3,C
22,2500436,251OOP3,1,2025,3.5,4.3,4.0,D
23,2500373,251WP3,1,2025,8.3,5.4,6.6,C
24,2500750,251DS2,1,2025,3.1,6.6,5.2,D
25,2500668,251OOP3,1,2025,5.4,7.0,6.4,C
26,2500937,251DM2,1,2025,4.9,9.5,7.7,B
27,2500545,251AI3,1,2025,4.1,5.4,4.9,D
28,2500331,251OOP1,1,2025,6.8,3.2,4.6,D
29,2500101,251OS1,1,2025,9.9,5.6,7.3,B
30,2500976,251DM2,1,2025,7.0,4.1,5.3,D
31,2500404,251DB3,1,2025,4.1,6.6,5.6,C
32,2500650,251DS2,1,2025,3.7,9.9,7.4,B
33,2500516,251DS2,1,2025,9.5,5.8,7.3,B
34,2500824,251ML2,1,2025,8.1,9.3,8.8,A
35,2500664,251DB1,1,2025,3.8,4.1,4.0,D
36,2500770,251OOP2,1,2025,5.9,6.0,6.0,C
37,2500418,251ML2,1,2025,9.9,6.9,8.1,B
38,2500951,251ML2,1,2025,8.3,5.9,6.9,C
39,2500208,251ML1,1,2025,7.4,9.7,8.8,A
40,2500981,251CN2,1,2025,8.9,8.8,8.8,A
41,2500268,251CN3,1,2025,3.1,7.4,5.7,C
42,2500428,251CN1,1,2025,9.3,4.5,6.4,C
43,2500925,251SE3,1,2025,7.6,5.4,6.3,C
44,2500901,251OS2,1,2025,5.9,3.7,4.6,D
45,2500367,251DS2,1,2025,3.3,9.1,6.8,C
46,2500963,251OS3,1,2025,8.8,9.0,8.9,A
47,2500459,251DB2,1,2025,6.8,5.2,5.8,C
48,2500039,251SE3,1,2025,3.5,6.0,5.0,D
49,2500463,251CN2,1,2025,3.1,3.0,3.0,F
50,2500693,251CN1,1,2025,7.2,6.0,6.5,C
51,2500070,251OOP1,1,2025,9.3,3.3,5.7,C
52,2500940,251DS2,1,2025,4.7,9.6,7.6,B
53,2500513,251SE2,1,2025,8.1,8.5,8.3,B
54,2500469,251SE1,1,2025,8.7,9.3,9.1,A
55,2500495,251SE3,1,2025,9.3,4.3,6.3,C
56,2500115,251DB2,1,2025,5.7,7.0,6.5,C
57,2500069,251OOP3,1,2025,6.4,7.8,7.2,B
58,2500289,251CN3,1,2025,7.4,9.0,8.4,B
59,2500898,251WP2,1,2025,8.2,8.0,8.1,B
60,2500361,251SE3,1,2025,3.4,8.7,6.6,C
61,2500029,251WP3,1,2025,8.7,3.3,5.5,C
62,2500961,251CN1,1,2025,6.7,5.9,6.2,C
63,2500265,251DB1,1,2025,6.8,9.8,8.6,A
64,2500921,251SE1,1,2025,8.2,6.4,7.1,B
65,2500508,251ML2,1,2025,3.5,5.6,4.8,D
66,2500179,251DB1,1,2025,7.0,6.7,6.8,C
67,2500548,251DB2,1,2025,4.2,7.9,6.4,C
68,2500617,251SE1,1,2025,8.3,7.7,7.9,B
69,2500002,251OS1,1,2025,5.2,6.6,6.0,C
70,2500562,251AI3,1,2025,5.3,7.8,6.8,C
71,2500162,251CN1,1,2025,8.5,9.9,9.3,A
72,2500114,251AI2,1,2025,8.5,6.6,7.4,B
73,2500171,251OOP3,1,2025,4.4,3.6,3.9,F
74,2500176,251WP1,1,2025,9.8,8.6,9.1,A
75,2500697,251WP1,1,2025,4.4,7.5,6.3,C
76,2500618,251DS2,1,2025,9.7,4.2,6.4,C
77,2500311,251SE2,1,2025,8.6,4.9,6.4,C
78,2500159,251CN2,1,2025,7.3,8.8,8.2,B
79,2500605,251CN3,1,2025,3.5,3.7,3.6,F
80,2500116,251CN2,1,2025,3.9,5.5,4.9,D
81,2500111,251SE1,1,2025,8.2,3.4,5.3,D
82,2500983,251CN2,1,2025,9.1,3.6,5.8,C
83,2500596,251WP2,1,2025,4.1,7.8,6.3,C
84,2500912,251ML1,1,2025,7.2,5.6,6.2,C
85,2500505,251WP3,1,2025,4.8,8.0,6.7,C
86,2500950,251OOP3,1,2025,6.5,10.0,8.6,A
87,2500353,251CN3,1,2025,7.9,9.5,8.9,A
88,2500959,251AI2,1,2025,4.5,9.8,7.7,B
89,2500954,251OOP2,1,2025,6.4,3.0,4.4,D
90,2500814,251SE1,1,2025,6.8,8.6,7.9,B
91,2500974,251OOP3,1,2025,9.8,7.7,8.5,A
92,2500897,251ML1,1,2025,7.9,7.6,7.7,B
93,2500022,251CN2,1,2025,9.2,6.9,7.8,B
94,2500165,251DB3,1,2025,4.6,3.7,4.1,D
95,2500386,251WP1,1,2025,4.0,7.3,6.0,C
96,2500090,251OS3,1,2025,8.2,6.3,7.1,B
97,2500171,251DS3,1,2025,6.0,9.2,7.9,B
98,2500070,251ML1,1,2025,8.9,7.5,8.1,B
99,2500848,251AI3,1,2025,4.0,9.7,7.4,B
100,2500741,251ML1,1,2025,8.2,5.5,6.6,C
101,2500459,251OS1,1,2025,6.9,7.9,7.5,B
102,2500911,251OS3,1,2025,3.2,9.5,7.0,B
103,2500468,251WP2,1,2025,4.5,7.1,6.1,C
104,2500325,251OS2,1,2025,4.8,3.5,4.0,D
105,2500815,251SE2,1,2025,5.2,4.4,4.7,D
106,2500072,251OS1,1,2025,7.5,9.5,8.7,A
107,2500616,251AI2,1,2025,9.9,9.4,9.6,A
108,2500828,251DB2,1,2025,6.8,5.0,5.7,C
109,2500950,251WP2,1,2025,6.9,7.6,7.3,B
110,2500225,251AI3,1,2025,7.7,3.1,4.9,D
111,2500799,251DM1,1,2025,3.3,8.3,6.3,C
112,2500590,251DM1,1,2025,9.4,3.6,5.9,C
113,2500828,251OS3,1,2025,5.0,6.6,6.0,C
114,2500604,251ML3,1,2025,5.5,4.8,5.1,D
115,2500741,251SE1,1,2025,3.6,3.3,3.4,F
116,2500703,251CN1,1,2025,7.6,9.9,9.0,A
117,2500352,251WP1,1,2025,9.7,3.2,5.8,C
118,2500160,251DM1,1,2025,6.7,3.7,4.9,D
119,2500844,251DB1,1,2025,3.4,9.5,7.1,B
120,2500999,251DS2,1,2025,4.6,5.2,5.0,D
121,2500213,251ML2,1,2025,3.2,3.6,3.4,F
122,2500266,251DB3,1,2025,8.1,6.9,7.4,B
123,2500485,251AI2,1,2025,8.6,7.3,7.8,B
124,2500344,251WP1,1,2025,8.9,7.3,7.9,B
125,2500078,251WP2,1,2025,9.6,7.4,8.3,B
126,2500865,251SE2,1,2025,6.9,8.5,7.9,B
127,2500128,251DS2,1,2025,6.2,5.7,5.9,C
128,2500542,251ML2,1,2025,5.6,5.4,5.5,C
129,2500118,251DB1,1,2025,4.9,8.6,7.1,B
130,2500335,251DS1,1,2025,4.6,3.0,3.6,F
131,2500511,251ML3,1,2025,5.6,9.9,8.2,B
132,2500206,251DS2,1,2025,6.4,7.1,6.8,C
133,2500992,251SE2,1,2025,5.4,4.1,4.6,D
134,2500069,251DS1,1,2025,5.6,4.2,4.8,D
135,2500041,251OS3,1,2025,5.3,4.5,4.8,D
136,2500803,251CN2,1,2025,8.4,5.5,6.7,C
137,2500020,251OOP1,1,2025,6.6,3.0,4.4,D
138,2500197,251OS2,1,2025,3.4,6.5,5.3,D
139,2500394,251OOP2,1,2025,8.1,3.9,5.6,C
140,2500885,251OS3,1,2025,9.7,7.4,8.3,B
141,2500900,251SE2,1,2025,8.6,6.8,7.5,B
142,2500195,251AI1,1,2025,8.2,5.9,6.8,C
143,2500117,251WP1,1,2025,5.1,6.0,5.6,C
144,2500693,251AI2,1,2025,7.8,3.0,4.9,D
145,2500955,251DB3,1,2025,8.1,3.4,5.3,D
146,2500275,251DM1,1,2025,8.5,4.1,5.9,C
147,2500332,251SE1,1,2025,5.2,3.1,3.9,F
148,2500673,251DS1,1,2025,3.4,3.3,3.3,F
149,2500559,251CN1,1,2025,7.0,5.7,6.2,C
150,2500066,251OOP2,1,2025,3.4,4.5,4.1,D
151,2500305,251SE2,1,2025,3.3,8.2,6.2,C
152,2500194,251DB2,1,2025,5.7,6.8,6.4,C
153,2500853,251WP3,1,2025,7.5,9.0,8.4,B
154,2500125,251AI3,1,2025,6.5,3.2,4.5,D
155,2500393,251DS1,1,2025,7.1,7.2,7.2,B
156,2500809,251CN3,1,2025,9.2,3.8,6.0,C
157,2500865,251WP2,1,2025,9.4,9.6,9.5,A
158,2500907,251CN2,1,2025,7.9,9.3,8.7,A
159,2500267,251SE2,1,2025,9.8,3.3,5.9,C
160,2500710,251ML2,1,2025,8.6,8.8,8.7,A
161,2500123,251WP2,1,2025,8.7,4.5,6.2,C
162,2500484,251CN1,1,2025,8.9,6.1,7.2,B
163,2500787,251CN3,1,2025,9.3,8.3,8.7,A
164,2500166,251DM3,1,2025,7.5,9.5,8.7,A
165,2500020,251DB3,1,2025,8.9,5.7,7.0,B
166,2500431,251WP1,1,2025,5.7,4.2,4.8,D
167,2500707,251SE1,1,2025,8.5,8.1,8.3,B
168,2500271,251DS2,1,2025,4.5,5.4,5.0,D
169,2500367,251DS3,1,2025,3.4,8.4,6.4,C
170,2500791,251CN2,1,2025,7.0,4.1,5.3,D
171,2500635,251SE3,1,2025,6.1,6.7,6.5,C
172,2500920,251DM2,1,2025,5.8,9.6,8.1,B
173,2500024,251CN3,1,2025,9.3,8.2,8.6,A
174,2500458,251DS1,1,2025,8.5,4.7,6.2,C
175,2500564,251ML2,1,2025,8.7,4.7,6.3,C
176,2500226,251OOP1,1,2025,4.1,4.4,4.3,D
177,2500281,251DB3,1,2025,8.5,9.8,9.3,A
178,2500528,251DM3,1,2025,3.9,3.7,3.8,F
179,2500740,251DS3,1,2025,4.2,3.1,3.5,F
180,2500744,251CN2,1,2025,5.5,8.4,7.2,B
181,2500585,251SE2,1,2025,5.6,3.7,4.5,D
182,2500735,251AI2,1,2025,7.5,8.5,8.1,B
183,2500105,251DB1,1,2025,8.0,9.4,8.8,A
184,2500471,251ML3,1,2025,3.1,7.9,6.0,C
185,2500813,251DM1,1,2025,9.3,9.1,9.2,A
186,2500658,251CN3,1,2025,7.8,8.9,8.5,A
187,2500080,251DS2,1,2025,9.0,8.9,8.9,A
188,2500856,251AI1,1,2025,4.3,7.7,6.3,C
189,2500152,251AI3,1,2025,6.3,5.4,5.8,C
190,2500622,251DM1,1,2025,6.9,4.3,5.3,D
191,2500404,251SE1,1,2025,9.1,5.9,7.2,B
192,2500230,251DS2,1,2025,5.1,7.4,6.5,C
193,2500013,251SE1,1,2025,7.8,8.9,8.5,A
194,2500875,251OS1,1,2025,8.6,4.6,6.2,C
195,2500340,251OS2,1,2025,3.5,5.5,4.7,D
196,2500461,251ML2,1,2025,8.2,5.8,6.8,C
197,2500338,251ML3,1,2025,3.4,3.4,3.4,F
198,2500785,251WP3,1,2025,5.7,5.2,5.4,D
199,2500147,251DM1,1,2025,9.7,3.3,5.9,C
200,2500643,251OS3,1,2025,5.3,3.0,3.9,F
201,2500358,251DS1,1,2025,6.9,9.7,8.6,A
202,2500556,251OS2,1,2025,5.7,6.7,6.3,C
203,2500109,251OOP2,1,2025,7.1,7.7,7.5,B
204,2500299,251OS3,1,2025,9.3,5.1,6.8,C
205,2500444,251CN1,1,2025,3.7,9.3,7.1,B
206,2500804,251CN1,1,2025,8.6,9.1,8.9,A
207,2500774,251CN1,1,2025,3.4,5.3,4.5,D
208,2500068,251OOP1,1,2025,6.1,8.3,7.4,B
209,2500553,251WP2,1,2025,4.1,9.0,7.0,B
210,2500348,251OOP1,1,2025,7.9,7.2,7.5,B
211,2500119,251DS3,1,2025,8.0,8.5,8.3,B
212,2500746,251DS1,1,2025,7.5,3.9,5.3,D
213,2500727,251DB2,1,2025,9.0,6.0,7.2,B
214,2500909,251CN1,1,2025,9.2,4.0,6.1,C
215,2500101,251CN3,1,2025,3.0,3.2,3.1,F
216,2500214,251ML1,1,2025,5.7,7.8,7.0,B
217,2500102,251SE2,1,2025,8.3,9.4,9.0,A
218,2500345,251ML2,1,2025,7.8,9.8,9.0,A
219,2500719,251SE2,1,2025,3.1,6.6,5.2,D
220,2500378,251DM2,1,2025,9.8,9.4,9.6,A
221,2500338,251OS1,1,2025,9.7,4.8,6.8,C
222,2500416,251DB2,1,2025,8.1,6.9,7.4,B
223,2500269,251DS3,1,2025,7.3,5.3,6.1,C
224,2500472,251DB3,1,2025,3.6,7.6,6.0,C
225,2500729,251DB1,1,2025,7.2,6.4,6.7,C
226,2500117,251OS2,1,2025,8.7,7.9,8.2,B
227,2500336,251DM2,1,2025,6.5,7.0,6.8,C
228,2500877,251AI1,1,2025,4.4,5.4,5.0,D
229,2500775,251WP1,1,2025,7.8,5.8,6.6,C
230,2500304,251AI2,1,2025,6.2,9.6,8.2,B
231,2500265,251DB3,1,2025,7.8,8.7,8.3,B
232,2500805,251OOP1,1,2025,6.0,5.5,5.7,C
233,2500125,251DS3,1,2025,4.3,5.2,4.8,D
234,2500315,251AI1,1,2025,8.3,3.7,5.5,C
235,2500167,251ML1,1,2025,9.4,8.9,9.1,A
236,2500777,251DS3,1,2025,7.1,3.9,5.2,D
237,2500734,251OS1,1,2025,9.1,5.0,6.6,C
238,2500089,251OOP2,1,2025,8.1,10.0,9.2,A
239,2500725,251DM2,1,2025,9.4,5.0,6.8,C
240,2500737,251CN3,1,2025,7.7,8.5,8.2,B
241,2500979,251OS1,1,2025,10.0,8.9,9.3,A
242,2500096,251ML1,1,2025,4.0,7.6,6.2,C
243,2500971,251DM1,1,2025,6.6,7.1,6.9,C
244,2500052,251ML2,1,2025,6.9,5.4,6.0,C
245,2500113,251DM2,1,2025,6.3,5.9,6.1,C
246,2500419,251OOP1,1,2025,4.6,4.8,4.7,D
247,2500288,251DS2,1,2025,4.7,5.7,5.3,D
248,2500056,251OS2,1,2025,7.8,4.3,5.7,C
249,2500292,251OOP3,1,2025,4.9,4.4,4.6,D
250,2500773,251AI2,1,2025,4.9,7.0,6.2,C
251,2500864,251ML3,1,2025,9.6,4.9,6.8,C
252,2500671,251ML3,1,2025,4.8,7.4,6.4,C
253,2500384,251DS3,1,2025,6.6,7.4,7.1,B
254,2500286,251DS2,1,2025,6.8,4.0,5.1,D
255,2500630,251SE2,1,2025,9.8,7.1,8.2,B
256,2500752,251DS2,1,2025,7.6,6.7,7.1,B
257,2500493,251SE3,1,2025,7.0,9.7,8.6,A
258,2500227,251AI3,1,2025,7.0,6.5,6.7,C
259,2500180,251CN1,1,2025,6.6,3.6,4.8,D
260,2500985,251SE3,1,2025,9.6,4.8,6.7,C
261,2500521,251OOP1,1,2025,3.7,7.6,6.0,C
262,2500344,251DB3,1,2025,3.8,6.2,5.2,D
263,2500092,251ML2,1,2025,6.7,7.1,6.9,C
264,2500045,251ML1,1,2025,5.5,3.8,4.5,D
265,2500821,251DS2,1,2025,5.4,5.6,5.5,C
266,2500123,251SE2,1,2025,5.6,8.0,7.0,B
267,2500992,251CN3,1,2025,6.6,8.1,7.5,B
268,2500204,251AI1,1,2025,8.5,5.9,6.9,C
269,2500038,251CN1,1,2025,6.9,7.7,7.4,B
270,2500702,251AI1,1,2025,8.0,7.2,7.5,B
271,2500788,251OOP2,1,2025,6.3,5.4,5.8,C
272,2500184,251ML2,1,2025,7.4,9.6,8.7,A
273,2500925,251ML2,1,2025,4.6,5.9,5.4,D
274,2500299,251SE3,1,2025,6.8,4.0,5.1,D
275,2500592,251DS2,1,2025,7.3,9.4,8.6,A
276,2500511,251OOP3,1,2025,7.2,5.5,6.2,C
277,2500550,251OS3,1,2025,8.5,5.0,6.4,C
278,2500661,251DB3,1,2025,9.7,5.8,7.4,B
279,2500620,251WP3,1,2025,3.6,8.2,6.4,C
280,2500716,251ML3,1,2025,8.3,6.5,7.2,B
281,2500836,251OOP2,1,2025,3.3,8.4,6.4,C
282,2500332,251DM1,1,2025,7.2,5.0,5.9,C
283,2500237,251SE2,1,2025,3.1,3.5,3.3,F
284,2500576,251SE1,1,2025,7.9,4.4,5.8,C
285,2500395,251OS2,1,2025,9.3,9.5,9.4,A
286,2500882,251CN2,1,2025,3.3,4.6,4.1,D
287,2500025,251DS2,1,2025,3.7,3.5,3.6,F
288,2500636,251DB1,1,2025,5.2,7.7,6.7,C
289,2500791,251ML1,1,2025,9.8,5.8,7.4,B
290,2500944,251ML3,1,2025,3.0,9.7,7.0,B
291,2500791,251DS3,1,2025,7.5,9.7,8.8,A
292,2500126,251SE3,1,2025,4.2,3.8,4.0,D
293,2500196,251SE1,1,2025,3.6,3.7,3.7,F
294,2500561,251DB1,1,2025,3.8,3.2,3.4,F
295,2500779,251DS3,1,2025,6.7,6.6,6.6,C
296,2500348,251DS3,1,2025,3.4,9.0,6.8,C
297,2500089,251DS2,1,2025,5.3,8.2,7.0,B
298,2500914,251OS3,1,2025,7.2,5.6,6.2,C
299,2500986,251ML2,1,2025,5.9,7.2,6.7,C
300,2500181,251DM3,1,2025,9.8,9.5,9.6,A
301,2500615,251DB1,1,2025,3.1,4.2,3.8,F
302,2500584,251OS2,1,2025,5.3,5.6,5.5,C
303,2500330,251DB2,1,2025,7.3,9.3,8.5,A
304,2500175,251DB3,1,2025,3.6,8.1,6.3,C
305,2500626,251OOP1,1,2025,9.9,9.8,9.8,A
306,2500276,251CN1,1,2025,6.4,7.9,7.3,B
307,2500890,251OS3,1,2025,4.0,9.0,7.0,B
308,2500838,251WP2,1,2025,8.9,5.6,6.9,C
309,2500404,251DM2,1,2025,7.1,8.9,8.2,B
310,2500209,251DS2,1,2025,8.8,4.5,6.2,C
311,2500117,251AI1,1,2025,9.6,9.9,9.8,A
312,2500015,251WP1,1,2025,4.7,4.0,4.3,D
313,2500737,251ML2,1,2025,4.0,5.3,4.8,D
314,2500222,251DM3,1,2025,5.8,6.1,6.0,C
315,2500590,251WP2,1,2025,6.8,6.9,6.9,C
316,2500086,251DM1,1,2025,5.8,9.4,8.0,B
317,2500067,251OOP1,1,2025,9.0,4.4,6.2,C
318,2500312,251ML2,1,2025,4.0,5.7,5.0,D
319,2500139,251SE1,1,2025,4.5,6.6,5.8,C
320,2500449,251DS3,1,2025,7.0,6.5,6.7,C
321,2500839,251WP1,1,2025,5.4,5.6,5.5,C
322,2500139,251DS3,1,2025,8.0,7.2,7.5,B
323,2500298,251OS3,1,2025,3.4,5.0,4.4,D
324,2500839,251SE1,1,2025,5.9,3.0,4.2,D
325,2500054,251DM3,1,2025,8.0,4.6,6.0,C
326,2500503,251OS2,1,2025,4.2,5.9,5.2,D
327,2500003,251DM1,1,2025,4.6,3.3,3.8,F
328,2500208,251WP1,1,2025,9.4,4.9,6.7,C
329,2500498,251AI2,1,2025,10.0,3.6,6.2,C
330,2500071,251AI3,1,2025,7.8,5.5,6.4,C
331,2500672,251OOP2,1,2025,5.8,4.7,5.1,D
332,2500679,251DM3,1,2025,4.3,7.0,5.9,C
333,2500766,251AI2,1,2025,8.3,5.3,6.5,C
334,2500179,251DS3,1,2025,5.6,4.0,4.6,D
335,2500916,251DM1,1,2025,8.6,3.5,5.5,C
336,2500994,251DB3,1,2025,6.6,6.2,6.4,C
337,2500795,251OOP2,1,2025,9.8,7.5,8.4,B
338,2500152,251DB1,1,2025,4.2,6.6,5.6,C
339,2500954,251DB3,1,2025,4.3,4.9,4.7,D
340,2500970,251CN2,1,2025,5.5,7.5,6.7,C
341,2500949,251CN1,1,2025,8.7,7.6,8.0,B
342,2500334,251WP3,1,2025,6.3,8.3,7.5,B
343,2500386,251SE2,1,2025,6.2,10.0,8.5,A
344,2500164,251OS3,1,2025,8.7,7.3,7.9,B
345,2500346,251DS1,1,2025,6.3,6.3,6.3,C
346,2500188,251WP2,1,2025,6.7,8.4,7.7,B
347,2500106,251AI3,1,2025,6.2,4.2,5.0,D
348,2500123,251CN2,1,2025,3.9,7.1,5.8,C
349,2500800,251DM3,1,2025,9.4,7.2,8.1,B
350,2500394,251ML1,1,2025,4.9,8.9,7.3,B
351,2500854,251ML2,1,2025,6.1,8.5,7.5,B
352,2500868,251DM2,1,2025,5.3,8.9,7.5,B
353,2500501,251WP2,1,2025,8.8,4.1,6.0,C
354,2500372,251AI2,1,2025,6.6,7.4,7.1,B
355,2500376,251OS3,1,2025,9.8,9.9,9.9,A
356,2500875,251ML2,1,2025,5.5,9.9,8.1,B
357,2500091,251AI1,1,2025,4.3,7.6,6.3,C
358,2500947,251DM3,1,2025,4.1,4.7,4.5,D
359,2500133,251DM3,1,2025,7.8,5.8,6.6,C
360,2500395,251ML3,1,2025,3.4,4.8,4.2,D
361,2500682,251DS3,1,2025,5.4,5.6,5.5,C
362,2500163,251WP2,1,2025,9.7,9.8,9.8,A
363,2500301,251OOP2,1,2025,6.3,8.1,7.4,B
364,2500374,251DB3,1,2025,3.2,6.8,5.4,D
365,2500161,251OS3,1,2025,8.4,6.3,7.1,B
366,2500228,251CN3,1,2025,8.2,4.1,5.7,C
367,2500201,251CN1,1,2025,9.1,3.5,5.7,C
368,2500573,251SE3,1,2025,3.7,6.8,5.6,C
369,2500682,251AI2,1,2025,4.1,7.0,5.8,C
370,2500976,251DB3,1,2025,8.8,7.0,7.7,B
371,2500014,251SE1,1,2025,9.6,8.9,9.2,A
372,2500780,251AI3,1,2025,9.1,8.6,8.8,A
373,2500015,251DS1,1,2025,3.8,8.5,6.6,C
374,2500998,251DM1,1,2025,3.6,5.1,4.5,D
375,2500112,251WP2,1,2025,6.7,6.0,6.3,C
376,2500260,251ML1,1,2025,5.3,4.5,4.8,D
377,2500341,251SE3,1,2025,7.7,6.7,7.1,B
378,2500423,251OS3,1,2025,3.3,8.1,6.2,C
379,2500159,251WP1,1,2025,5.7,8.9,7.6,B
380,2500892,251CN3,1,2025,3.2,8.8,6.6,C
381,2500182,251OOP1,1,2025,4.6,9.0,7.2,B
382,2500888,251DS3,1,2025,9.2,8.8,9.0,A
383,2500973,251CN3,1,2025,9.1,9.1,9.1,A
384,2500069,251OOP1,1,2025,4.4,7.7,6.4,C
385,2500306,251OOP1,1,2025,9.4,3.9,6.1,C
386,2500578,251SE1,1,2025,6.5,7.3,7.0,B
387,2500036,251SE3,1,2025,7.7,4.9,6.0,C
388,2500279,251OOP1,1,2025,8.8,5.2,6.6,C
389,2500044,251AI3,1,2025,7.9,5.4,6.4,C
390,2500896,251DM3,1,2025,6.1,8.1,7.3,B
391,2500040,251WP1,1,2025,9.1,3.1,5.5,C
392,2500970,251DB3,1,2025,4.5,5.2,4.9,D
393,2500556,251DB1,1,2025,3.9,8.1,6.4,C
394,2500713,251OS3,1,2025,7.8,3.4,5.2,D
395,2500146,251SE3,1,2025,4.3,6.7,5.7,C
396,2500134,251WP2,1,2025,8.6,4.3,6.0,C
397,2500356,251WP2,1,2025,6.7,7.2,7.0,B
398,2500149,251AI2,1,2025,7.0,4.2,5.3,D
399,2500077,251DM3,1,2025,9.4,8.2,8.7,A
400,2500869,251DS2,1,2025,9.4,7.2,8.1,B
401,2500256,251ML1,1,2025,4.6,9.3,7.4,B
402,2500839,251ML2,1,2025,8.5,8.9,8.7,A
403,2500910,251DM3,1,2025,9.5,6.0,7.4,B
404,2500640,251DS3,1,2025,4.7,8.6,7.0,B
405,2500109,251CN1,1,2025,5.7,7.8,7.0,B
406,2500065,251SE1,1,2025,8.0,9.2,8.7,A
407,2500134,251ML2,1,2025,8.4,7.0,7.6,B
408,2500192,251SE2,1,2025,4.1,6.3,5.4,D
409,2500106,251DM1,1,2025,6.0,4.6,5.2,D
410,2500129,251OS2,1,2025,8.0,7.1,7.5,B
411,2500583,251WP3,1,2025,5.1,9.8,7.9,B
412,2500738,251DB3,1,2025,9.4,5.3,6.9,C
413,2500574,251SE2,1,2025,5.1,3.2,4.0,D
414,2500261,251ML1,1,2025,6.5,4.1,5.1,D
415,2500264,251ML3,1,2025,6.1,3.4,4.5,D
416,2500966,251DS3,1,2025,3.3,7.6,5.9,C
417,2500321,251CN3,1,2025,4.6,4.5,4.5,D
418,2500704,251AI1,1,2025,9.4,7.8,8.4,B
419,2500512,251OOP2,1,2025,5.4,7.4,6.6,C
420,2500454,251OS2,1,2025,3.0,6.5,5.1,D
421,2500258,251ML2,1,2025,9.7,7.2,8.2,B
422,2500349,251DS3,1,2025,4.7,4.7,4.7,D
423,2500774,251DM1,1,2025,6.9,3.2,4.7,D
424,2500478,251SE3,1,2025,7.6,5.1,6.1,C
425,2500534,251DS2,1,2025,3.8,5.5,4.8,D
426,2500119,251DM1,1,2025,8.8,3.3,5.5,C
427,2500848,251ML3,1,2025,4.6,8.0,6.6,C
428,2500084,251AI2,1,2025,5.2,8.5,7.2,B
429,2500121,251SE3,1,2025,6.8,7.6,7.3,B
430,2500100,251DS1,1,2025,7.3,5.6,6.3,C
431,2500234,251DM2,1,2025,9.0,7.0,7.8,B
432,2500317,251DB2,1,2025,3.3,4.9,4.3,D
433,2500135,251DB2,1,2025,4.3,8.6,6.9,C
434,2500423,251OOP2,1,2025,6.8,8.1,7.6,B
435,2500198,251DM3,1,2025,9.4,3.1,5.6,C
436,2500119,251WP3,1,2025,7.6,4.7,5.9,C
437,2500074,251CN2,1,2025,5.2,6.8,6.2,C
438,2500455,251OOP1,1,2025,4.3,3.9,4.1,D
439,2500483,251WP2,1,2025,8.0,7.3,7.6,B
440,2500130,251CN3,1,2025,8.4,3.5,5.5,C
441,2500557,251DB3,1,2025,3.1,8.5,6.3,C
442,2500203,251ML3,1,2025,7.3,6.8,7.0,B
443,2500738,251OOP3,1,2025,5.3,8.1,7.0,B
444,2500748,251OOP3,1,2025,5.0,7.7,6.6,C
445,2500637,251CN2,1,2025,7.6,9.4,8.7,A
446,2500037,251WP2,1,2025,8.5,6.5,7.3,B
447,2500134,251OS2,1,2025,4.6,7.8,6.5,C
448,2500030,251OS3,1,2025,9.9,3.5,6.1,C
449,2500284,251DM3,1,2025,3.6,3.7,3.7,F
450,2500055,251CN1,1,2025,6.0,9.4,8.0,B
451,2500249,251OS2,1,2025,6.3,9.4,8.2,B
452,2500325,251OOP3,1,2025,4.8,4.5,4.6,D
453,2500714,251AI3,1,2025,6.7,9.4,8.3,B
454,2500344,251DS1,1,2025,7.7,8.7,8.3,B
455,2500440,251DS3,1,2025,5.2,5.7,5.5,C
456,2500818,251AI1,1,2025,9.1,9.8,9.5,A
457,2500988,251AI2,1,2025,7.1,4.3,5.4,D
458,2500545,251DB2,1,2025,5.1,3.9,4.4,D
459,2500214,251OOP2,1,2025,8.6,9.6,9.2,A
460,2500689,251AI3,1,2025,7.1,4.3,5.4,D
461,2500107,251DB3,1,2025,6.9,4.2,5.3,D
462,2500312,251DM3,1,2025,9.7,3.7,6.1,C
463,2500856,251CN1,1,2025,5.3,6.1,5.8,C
464,2500172,251AI2,1,2025,6.9,5.6,6.1,C
465,2500791,251DB2,1,2025,7.3,7.6,7.5,B
466,2500355,251ML2,1,2025,9.8,6.8,8.0,B
467,2500376,251AI1,1,2025,4.4,7.8,6.4,C
468,2500534,251DS1,1,2025,8.5,9.4,9.0,A
469,2500036,251DB1,1,2025,6.9,9.9,8.7,A
470,2500268,251DM2,1,2025,8.7,4.9,6.4,C
471,2500053,251DM2,1,2025,3.2,5.4,4.5,D
472,2500067,251SE3,1,2025,6.0,6.8,6.5,C
473,2500093,251DS2,1,2025,4.5,5.6,5.2,D
474,2500171,251CN1,1,2025,8.1,9.0,8.6,A
475,2500763,251DB2,1,2025,8.4,6.6,7.3,B
476,2500555,251DM3,1,2025,9.1,5.1,6.7,C
477,2500126,251DB3,1,2025,9.7,3.4,5.9,C
478,2500437,251DB1,1,2025,8.4,8.7,8.6,A
479,2500951,251WP2,1,2025,5.4,5.7,5.6,C
480,2500771,251SE1,1,2025,4.1,3.9,4.0,D
481,2500084,251ML2,1,2025,6.6,9.6,8.4,B
482,2500686,251OS2,1,2025,7.8,5.5,6.4,C
483,2500198,251OOP2,1,2025,5.8,9.3,7.9,B
484,2500486,251DM3,1,2025,3.8,3.7,3.7,F
485,2500895,251ML3,1,2025,7.7,5.9,6.6,C
486,2500878,251ML1,1,2025,3.1,4.5,3.9,F
487,2500744,251ML3,1,2025,3.8,9.0,6.9,C
488,2500469,251OS2,1,2025,6.5,7.9,7.3,B
489,2500103,251OOP3,1,2025,8.8,8.0,8.3,B
490,2500465,251CN1,1,2025,9.7,8.8,9.2,A
491,2500445,251SE1,1,2025,9.9,6.2,7.7,B
492,2500402,251OS2,1,2025,9.3,6.3,7.5,B
493,2500692,251CN2,1,2025,5.7,6.2,6.0,C
494,2500451,251DS3,1,2025,3.2,4.9,4.2,D
495,2500948,251DB1,1,2025,4.9,9.2,7.5,B
496,2500422,251DS1,1,2025,7.8,7.7,7.7,B
497,2500516,251ML3,1,2025,4.9,8.8,7.2,B
498,2500859,251CN3,1,2025,4.8,3.7,4.1,D
499,2500915,251WP2,1,2025,4.4,6.8,5.8,C
500,2500283,251CN2,1,2025,4.2,5.7,5.1,D
501,2500820,251SE2,1,2025,9.2,6.2,7.4,B
502,2500133,251AI1,1,2025,9.2,4.9,6.6,C
503,2500002,251OOP1,1,2025,3.2,9.9,7.2,B
504,2500983,251OOP1,1,2025,5.9,5.3,5.5,C
505,2500406,251ML3,1,2025,5.8,8.7,7.5,B
506,2500080,251SE2,1,2025,8.9,9.9,9.5,A
507,2500677,251OOP2,1,2025,9.8,7.7,8.5,A
508,2500721,251CN1,1,2025,9.5,6.2,7.5,B
509,2500016,251CN3,1,2025,7.7,8.3,8.1,B
510,2500326,251OS1,1,2025,9.8,8.7,9.1,A
511,2500354,251DB3,1,2025,4.8,6.8,6.0,C
512,2500623,251WP1,1,2025,8.9,5.2,6.7,C
513,2500294,251CN3,1,2025,5.9,7.2,6.7,C
514,2500076,251WP2,1,2025,7.6,5.5,6.3,C
515,2500903,251OS2,1,2025,4.8,6.8,6.0,C
516,2500841,251OOP1,1,2025,4.9,4.4,4.6,D
517,2500618,251DB2,1,2025,6.5,9.7,8.4,B
518,2500915,251SE1,1,2025,4.8,7.0,6.1,C
519,2500857,251CN1,1,2025,8.4,9.9,9.3,A
520,2500847,251SE2,1,2025,6.4,8.7,7.8,B
521,2500312,251DS3,1,2025,4.0,3.3,3.6,F
522,2500004,251CN3,1,2025,9.3,9.8,9.6,A
523,2500357,251DM1,1,2025,3.5,4.9,4.3,D
524,2500858,251CN2,1,2025,9.7,8.3,8.9,A
525,2500333,251WP3,1,2025,7.1,5.0,5.8,C
526,2500653,251DB2,1,2025,7.4,7.7,7.6,B
527,2500971,251SE3,1,2025,9.4,4.0,6.2,C
528,2500851,251SE2,1,2025,5.6,3.4,4.3,D
529,2500821,251OOP2,1,2025,8.3,4.7,6.1,C
530,2501000,251DB2,1,2025,7.4,6.9,7.1,B
531,2500133,251CN2,1,2025,6.3,3.5,4.6,D
532,2500481,251OOP2,1,2025,3.3,4.9,4.3,D
533,2500296,251WP3,1,2025,8.9,5.9,7.1,B
534,2500499,251WP1,1,2025,5.9,9.0,7.8,B
535,2500869,251ML2,1,2025,4.7,5.7,5.3,D
536,2500236,251DS1,1,2025,7.7,4.3,5.7,C
537,2500493,251ML2,1,2025,4.4,5.7,5.2,D
538,2500354,251OS1,1,2025,5.9,8.8,7.6,B
539,2500153,251WP2,1,2025,9.7,7.6,8.4,B
540,2500934,251DB1,1,2025,5.1,4.0,4.4,D
541,2500350,251SE3,1,2025,9.7,9.2,9.4,A
542,2500935,251ML1,1,2025,6.3,5.1,5.6,C
543,2500837,251DS2,1,2025,3.6,9.3,7.0,B
544,2500913,251DB2,1,2025,9.4,8.1,8.6,A
545,2500687,251OOP1,1,2025,6.9,9.4,8.4,B
546,2500597,251ML2,1,2025,3.7,4.4,4.1,D
547,2500464,251DM2,1,2025,6.8,6.4,6.6,C
548,2500583,251SE2,1,2025,7.2,9.7,8.7,A
549,2500250,251DS2,1,2025,5.2,8.8,7.4,B
550,2500298,251DB2,1,2025,6.2,9.1,7.9,B
551,2500133,251WP1,1,2025,4.0,6.4,5.4,D
552,2500834,251CN2,1,2025,5.0,9.0,7.4,B
553,2500327,251ML2,1,2025,4.8,7.5,6.4,C
554,2500846,251DB1,1,2025,3.3,8.7,6.5,C
555,2500825,251OOP2,1,2025,7.7,6.1,6.7,C
556,2500223,251SE3,1,2025,8.4,4.9,6.3,C
557,2500249,251SE1,1,2025,6.2,3.8,4.8,D
558,2500091,251SE1,1,2025,3.6,5.9,5.0,D
559,2500819,251DM1,1,2025,7.1,6.9,7.0,B
560,2500235,251OOP3,1,2025,5.8,9.0,7.7,B
561,2500219,251OOP3,1,2025,8.0,4.2,5.7,C
562,2500391,251ML2,1,2025,8.1,5.6,6.6,C
563,2500487,251AI1,1,2025,5.1,9.8,7.9,B
564,2500627,251DS2,1,2025,10.0,7.7,8.6,A
565,2500141,251ML3,1,2025,4.4,8.3,6.7,C
566,2500587,251DM3,1,2025,3.0,7.9,5.9,C
567,2500608,251OS2,1,2025,6.7,3.3,4.7,D
568,2500646,251DS2,1,2025,8.9,9.7,9.4,A
569,2500345,251SE1,1,2025,6.8,3.1,4.6,D
570,2500263,251DB1,1,2025,6.9,5.1,5.8,C
571,2500562,251OS2,1,2025,9.8,5.8,7.4,B
572,2500585,251WP3,1,2025,8.4,8.7,8.6,A
573,2500794,251ML3,1,2025,5.9,7.1,6.6,C
574,2500118,251OS2,1,2025,5.2,5.9,5.6,C
575,2500916,251CN1,1,2025,4.5,9.0,7.2,B
576,2500639,251DB3,1,2025,3.8,9.1,7.0,B
577,2500228,251WP1,1,2025,7.0,5.4,6.0,C
578,2500833,251DM1,1,2025,5.6,8.2,7.2,B
579,2500943,251DS3,1,2025,5.5,6.9,6.3,C
580,2500250,251ML1,1,2025,8.3,6.8,7.4,B
581,2500576,251WP2,1,2025,5.0,6.8,6.1,C
582,2500998,251OS3,1,2025,6.1,9.9,8.4,B
583,2500774,251DS1,1,2025,8.2,6.6,7.2,B
584,2500928,251OOP1,1,2025,6.6,8.1,7.5,B
585,2500159,251OOP1,1,2025,3.8,6.4,5.4,D
586,2500972,251AI1,1,2025,8.1,4.6,6.0,C
587,2500259,251OS1,1,2025,6.3,9.3,8.1,B
588,2500387,251AI1,1,2025,4.4,8.3,6.7,C
589,2500842,251DS1,1,2025,3.7,8.9,6.8,C
590,2500751,251CN1,1,2025,6.4,8.3,7.5,B
591,2500722,251DB2,1,2025,7.6,7.8,7.7,B
592,2500812,251WP3,1,2025,5.5,3.9,4.5,D
593,2500350,251CN3,1,2025,6.6,6.4,6.5,C
594,2500596,251SE3,1,2025,6.6,7.9,7.4,B
595,2500426,251OS1,1,2025,4.4,5.1,4.8,D
596,2500424,251OS2,1,2025,9.8,7.0,8.1,B
597,2500959,251SE2,1,2025,3.2,3.1,3.1,F
598,2500925,251SE2,1,2025,7.2,5.1,5.9,C
599,2500879,251DS1,1,2025,4.0,8.0,6.4,C
600,2500461,251DS2,1,2025,9.7,9.7,9.7,A
601,2500884,251AI3,1,2025,9.0,7.2,7.9,B
602,2500115,251OOP1,1,2025,8.5,4.7,6.2,C
603,2500359,251DB3,1,2025,4.5,4.1,4.3,D
604,2500898,251DS3,1,2025,9.1,9.8,9.5,A
605,2500992,251OOP3,1,2025,5.4,9.6,7.9,B
606,2500208,251DB1,1,2025,9.2,3.3,5.7,C
607,2500309,251AI3,1,2025,7.4,5.6,6.3,C
608,2500814,251ML3,1,2025,6.4,5.8,6.0,C
609,2500950,251CN1,1,2025,9.6,7.3,8.2,B
610,2500464,251SE3,1,2025,5.8,6.5,6.2,C
611,2500707,251DB2,1,2025,9.4,6.6,7.7,B
612,2500559,251ML2,1,2025,8.6,7.0,7.6,B
613,2500050,251CN2,1,2025,5.9,7.2,6.7,C
614,2500027,251DS1,1,2025,9.0,5.3,6.8,C
615,2500260,251DB2,1,2025,8.1,7.6,7.8,B
616,2500981,251DS3,1,2025,3.8,5.8,5.0,D
617,2500626,251AI1,1,2025,7.8,8.1,8.0,B
618,2500209,251AI3,1,2025,8.4,8.0,8.2,B
619,2500993,251ML3,1,2025,8.1,7.4,7.7,B
620,2500859,251OS3,1,2025,7.6,8.3,8.0,B
621,2500875,251OOP2,1,2025,7.3,5.9,6.5,C
622,2500368,251OOP3,1,2025,3.3,5.5,4.6,D
623,2500572,251DB1,1,2025,6.3,3.9,4.9,D
624,2500737,251AI1,1,2025,4.3,6.3,5.5,C
625,2500833,251SE3,1,2025,4.3,5.9,5.3,D
626,2500754,251DS2,1,2025,8.4,3.0,5.2,D
627,2500580,251DS1,1,2025,8.1,6.6,7.2,B
628,2500490,251AI1,1,2025,5.7,4.9,5.2,D
629,2500504,251DS1,1,2025,7.5,9.8,8.9,A
630,2500448,251ML2,1,2025,3.6,5.5,4.7,D
631,2500006,251WP2,1,2025,5.8,7.0,6.5,C
632,2500738,251DM3,1,2025,8.5,3.8,5.7,C
633,2500523,251ML2,1,2025,4.0,8.0,6.4,C
634,2500705,251WP3,1,2025,7.5,3.9,5.3,D
635,2500316,251OOP3,1,2025,10.0,9.0,9.4,A
636,2500317,251DM3,1,2025,4.0,3.8,3.9,F
637,2500948,251DB2,1,2025,8.2,4.0,5.7,C
638,2500180,251AI3,1,2025,6.3,8.3,7.5,B
639,2500068,251DS2,1,2025,7.4,8.7,8.2,B
640,2500567,251OS1,1,2025,4.2,9.7,7.5,B
641,2500070,251AI3,1,2025,4.2,9.2,7.2,B
642,2500386,251OOP3,1,2025,8.1,7.5,7.7,B
643,2500853,251OOP1,1,2025,7.6,5.1,6.1,C
644,2500683,251DS3,1,2025,6.8,6.3,6.5,C
645,2500973,251DB2,1,2025,3.2,9.1,6.7,C
646,2500367,251CN2,1,2025,5.2,7.1,6.3,C
647,2500114,251DM2,1,2025,6.7,9.4,8.3,B
648,2500955,251DB1,1,2025,3.3,6.7,5.3,D
649,2500572,251WP1,1,2025,5.4,8.0,7.0,B
650,2500585,251DB1,1,2025,8.6,8.1,8.3,B
651,2500140,251OS1,1,2025,3.0,6.7,5.2,D
652,2500562,251DB3,1,2025,6.5,9.2,8.1,B
653,2500319,251SE3,1,2025,7.2,5.4,6.1,C
654,2500541,251DS1,1,2025,8.8,6.8,7.6,B
655,2500131,251OOP2,1,2025,4.5,6.1,5.5,C
656,2500924,251AI3,1,2025,5.1,9.8,7.9,B
657,2500396,251OS1,1,2025,5.6,5.7,5.7,C
658,2500642,251AI3,1,2025,3.0,5.1,4.3,D
659,2500225,251DS3,1,2025,7.0,8.1,7.7,B
660,2500614,251DB2,1,2025,9.2,5.3,6.9,C
661,2500188,251OS3,1,2025,6.5,3.9,4.9,D
662,2500540,251OOP1,1,2025,8.6,6.5,7.3,B
663,2500754,251SE1,1,2025,7.6,3.9,5.4,D
664,2500951,251WP3,1,2025,9.8,7.9,8.7,A
665,2500855,251DB3,1,2025,5.3,6.8,6.2,C
666,2500427,251CN1,1,2025,7.3,4.9,5.9,C
667,2500085,251DS1,1,2025,3.1,9.4,6.9,C
668,2500355,251AI1,1,2025,6.2,6.5,6.4,C
669,2500709,251OS1,1,2025,8.9,8.6,8.7,A
670,2500319,251ML3,1,2025,3.4,6.9,5.5,C
671,2500448,251AI1,1,2025,8.6,9.6,9.2,A
672,2500079,251SE1,1,2025,6.0,9.3,8.0,B
673,2500026,251ML2,1,2025,3.8,5.3,4.7,D
674,2500990,251WP2,1,2025,9.3,6.0,7.3,B
675,2500299,251DB3,1,2025,8.9,4.4,6.2,C
676,2500849,251OS1,1,2025,4.2,6.1,5.3,D
677,2500080,251ML1,1,2025,7.7,7.7,7.7,B
678,2500478,251OOP1,1,2025,3.9,3.0,3.4,F
679,2500080,251SE1,1,2025,9.0,5.2,6.7,C
680,2500871,251OS3,1,2025,7.0,8.3,7.8,B
681,2500899,251DM1,1,2025,9.4,4.8,6.6,C
682,2500637,251DS2,1,2025,5.2,3.1,3.9,F
683,2500801,251DB3,1,2025,5.2,6.2,5.8,C
684,2500486,251ML2,1,2025,5.7,7.0,6.5,C
685,2500733,251ML3,1,2025,4.5,9.5,7.5,B
686,2500839,251DM1,1,2025,7.8,4.2,5.6,C
687,2500033,251OOP1,1,2025,4.3,7.8,6.4,C
688,2500281,251WP1,1,2025,8.8,9.1,9.0,A
689,2500806,251DM2,1,2025,5.8,8.8,7.6,B
690,2500634,251ML2,1,2025,9.0,4.4,6.2,C
691,2500263,251DM2,1,2025,4.8,9.8,7.8,B
692,2500284,251CN2,1,2025,6.1,8.8,7.7,B
693,2500170,251OS2,1,2025,5.9,5.8,5.8,C
694,2500829,251SE3,1,2025,8.0,7.2,7.5,B
695,2500640,251ML2,1,2025,3.0,8.3,6.2,C
696,2500784,251DB3,1,2025,7.4,8.4,8.0,B
697,2500473,251WP2,1,2025,4.2,7.6,6.2,C
698,2500384,251WP1,1,2025,9.2,9.6,9.4,A
699,2500921,251WP1,1,2025,6.5,6.9,6.7,C
700,2500939,251DB3,1,2025,6.5,5.1,5.7,C
701,2500850,251ML1,1,2025,9.6,8.2,8.8,A
702,2500852,251SE3,1,2025,6.1,6.6,6.4,C
703,2500896,251DB1,1,2025,8.2,8.4,8.3,B
704,2500876,251CN2,1,2025,7.3,9.2,8.4,B
705,2500112,251DM2,1,2025,9.4,6.4,7.6,B
706,2500712,251ML1,1,2025,9.7,7.9,8.6,A
707,2500413,251SE3,1,2025,9.5,3.1,5.7,C
708,2500565,251AI3,1,2025,7.4,6.8,7.0,B
709,2500794,251DM1,1,2025,9.9,9.4,9.6,A
710,2500712,251DM3,1,2025,8.3,6.4,7.2,B
711,2500275,251OS2,1,2025,8.1,9.1,8.7,A
712,2500575,251AI2,1,2025,9.8,7.2,8.2,B
713,2500666,251DM1,1,2025,9.2,9.2,9.2,A
714,2500012,251OOP3,1,2025,7.9,6.2,6.9,C
715,2500084,251DS1,1,2025,3.7,6.9,5.6,C
716,2500125,251OOP3,1,2025,5.3,5.4,5.4,D
717,2500161,251DB1,1,2025,3.6,3.9,3.8,F
718,2500983,251ML3,1,2025,8.8,9.6,9.3,A
719,2500851,251DB3,1,2025,5.2,6.5,6.0,C
720,2500936,251WP1,1,2025,6.7,6.9,6.8,C
721,2500144,251OOP3,1,2025,3.8,7.9,6.3,C
722,2500766,251OS2,1,2025,6.2,3.2,4.4,D
723,2500339,251AI3,1,2025,6.1,3.5,4.5,D
724,2500677,251ML3,1,2025,3.6,6.9,5.6,C
725,2500793,251AI1,1,2025,5.8,9.4,8.0,B
726,2500834,251ML3,1,2025,3.9,5.9,5.1,D
727,2500608,251OS1,1,2025,7.6,3.8,5.3,D
728,2500706,251OOP3,1,2025,4.6,7.8,6.5,C
729,2500229,251ML1,1,2025,8.3,4.4,6.0,C
730,2500791,251DM1,1,2025,7.4,8.8,8.2,B
731,2500729,251ML3,1,2025,7.6,4.5,5.7,C
732,2500486,251CN2,1,2025,7.2,3.2,4.8,D
733,2500746,251WP1,1,2025,6.2,8.7,7.7,B
734,2500658,251DB1,1,2025,8.1,9.2,8.8,A
735,2500414,251AI2,1,2025,8.8,9.2,9.0,A
736,2500037,251DB1,1,2025,3.2,5.9,4.8,D
737,2500584,251WP2,1,2025,6.7,6.1,6.3,C
738,2500895,251SE3,1,2025,4.6,7.8,6.5,C
739,2500575,251DB2,1,2025,4.8,4.9,4.9,D
740,2500952,251DB1,1,2025,8.4,9.5,9.1,A
741,2500088,251AI2,1,2025,9.1,7.4,8.1,B
742,2500818,251OOP2,1,2025,3.5,8.5,6.5,C
743,2500119,251CN1,1,2025,5.0,9.5,7.7,B
744,2500228,251DB1,1,2025,9.3,4.8,6.6,C
745,2500415,251OS2,1,2025,9.8,4.8,6.8,C
746,2500093,251OS1,1,2025,9.8,7.9,8.7,A
747,2500142,251OS3,1,2025,4.9,7.1,6.2,C
748,2500828,251OOP3,1,2025,4.5,5.1,4.9,D
749,2500463,251CN1,1,2025,8.8,9.0,8.9,A
750,2500243,251AI1,1,2025,4.3,3.4,3.8,F
751,2500270,251WP2,1,2025,8.8,3.3,5.5,C
752,2500585,251AI1,1,2025,5.5,7.5,6.7,C
753,2500399,251WP2,1,2025,4.3,4.5,4.4,D
754,2500329,251CN2,1,2025,5.3,9.2,7.6,B
755,2500712,251DB3,1,2025,7.1,3.6,5.0,D
756,2500084,251ML1,1,2025,8.5,7.5,7.9,B
757,2500845,251DS3,1,2025,9.8,7.5,8.4,B
758,2500093,251DM1,1,2025,9.0,9.9,9.5,A
759,2500081,251AI2,1,2025,9.4,6.3,7.5,B
760,2500313,251DS2,1,2025,4.7,9.5,7.6,B
761,2500558,251AI3,1,2025,9.3,3.8,6.0,C
762,2500840,251DM2,1,2025,5.4,7.5,6.7,C
763,2500959,251WP1,1,2025,7.8,8.9,8.5,A
764,2500941,251ML1,1,2025,6.6,6.3,6.4,C
765,2500752,251DB3,1,2025,8.6,9.4,9.1,A
766,2500742,251OS1,1,2025,8.5,9.5,9.1,A
767,2500858,251AI2,1,2025,3.3,3.1,3.2,F
768,2500390,251SE1,1,2025,3.5,6.3,5.2,D
769,2500184,251WP2,1,2025,8.6,6.3,7.2,B
770,2500607,251OS1,1,2025,6.6,7.3,7.0,B
771,2500059,251SE1,1,2025,9.3,4.7,6.5,C
772,2500377,251DM3,1,2025,5.3,7.7,6.7,C
773,2500506,251DB3,1,2025,9.7,3.6,6.0,C
774,2500610,251CN3,1,2025,7.7,9.0,8.5,A
775,2500144,251CN2,1,2025,4.1,8.4,6.7,C
776,2500116,251DM1,1,2025,9.3,3.9,6.1,C
777,2500574,251ML1,1,2025,5.3,5.0,5.1,D
778,2500366,251WP2,1,2025,5.6,9.8,8.1,B
779,2500031,251CN1,1,2025,6.9,3.6,4.9,D
780,2500048,251AI2,1,2025,7.8,9.2,8.6,A
781,2500916,251DB1,1,2025,8.7,7.1,7.7,B
782,2500432,251CN2,1,2025,4.6,7.4,6.3,C
783,2500340,251OOP3,1,2025,5.0,4.8,4.9,D
784,2500001,251OS2,1,2025,7.8,3.9,5.5,C
785,2500751,251DB1,1,2025,4.8,7.4,6.4,C
786,2500502,251WP3,1,2025,7.8,8.0,7.9,B
787,2500462,251ML2,1,2025,7.7,5.1,6.1,C
788,2500121,251OOP2,1,2025,5.0,9.0,7.4,B
789,2500139,251OS3,1,2025,4.2,6.9,5.8,C
790,2500250,251AI2,1,2025,4.2,5.3,4.9,D
791,2500965,251OOP2,1,2025,7.7,4.8,6.0,C
792,2500567,251AI2,1,2025,8.4,9.8,9.2,A
793,2500481,251OS3,1,2025,8.5,8.7,8.6,A
794,2500859,251SE1,1,2025,3.8,9.1,7.0,B
795,2500341,251DS1,1,2025,5.1,7.6,6.6,C
796,2500890,251WP1,1,2025,8.3,8.1,8.2,B
797,2500539,251OS1,1,2025,4.7,8.7,7.1,B
798,2500061,251DS2,1,2025,3.3,6.5,5.2,D
799,2500053,251SE2,1,2025,4.4,8.6,6.9,C
800,2500188,251AI3,1,2025,9.5,7.2,8.1,B
801,2500087,251WP1,1,2025,7.7,9.5,8.8,A
802,2500743,251ML1,1,2025,6.9,3.9,5.1,D
803,2500944,251SE2,1,2025,7.4,8.8,8.2,B
804,2500571,251CN3,1,2025,3.1,4.7,4.1,D
805,2500819,251WP3,1,2025,4.3,6.1,5.4,D
806,2500240,251WP2,1,2025,5.0,6.7,6.0,C
807,2500867,251AI3,1,2025,8.3,5.0,6.3,C
808,2500399,251DM3,1,2025,8.5,8.2,8.3,B
809,2500671,251OS1,1,2025,7.9,8.0,8.0,B
810,2500995,251DS3,1,2025,3.7,7.2,5.8,C
811,2500640,251WP2,1,2025,4.3,7.5,6.2,C
812,2500849,251AI2,1,2025,6.2,8.0,7.3,B
813,2500777,251CN1,1,2025,7.5,7.2,7.3,B
814,2500519,251WP1,1,2025,7.9,6.1,6.8,C
815,2500750,251CN3,1,2025,8.8,4.3,6.1,C
816,2500651,251AI3,1,2025,8.5,8.9,8.7,A
817,2500184,251ML3,1,2025,3.4,4.5,4.1,D
818,2500724,251OS2,1,2025,5.1,3.9,4.4,D
819,2500749,251OS3,1,2025,7.2,8.5,8.0,B
820,2500847,251ML3,1,2025,7.2,7.8,7.6,B
821,2500403,251AI3,1,2025,4.7,3.9,4.2,D
822,2500361,251DS1,1,2025,5.6,7.8,6.9,C
823,2500858,251OOP1,1,2025,7.1,3.9,5.2,D
824,2500946,251ML2,1,2025,9.3,9.5,9.4,A
825,2500240,251CN3,1,2025,5.0,6.7,6.0,C
826,2500391,251SE2,1,2025,9.8,5.9,7.5,B
827,2500925,251AI3,1,2025,8.3,8.1,8.2,B
828,2500603,251OOP3,1,2025,4.0,7.0,5.8,C
829,2500488,251WP1,1,2025,8.2,4.9,6.2,C
830,2500142,251DM2,1,2025,5.5,9.4,7.8,B
831,2500292,251CN3,1,2025,4.3,6.8,5.8,C
832,2500450,251WP3,1,2025,6.7,5.5,6.0,C
833,2500780,251OS2,1,2025,6.0,8.1,7.3,B
834,2500733,251DB1,1,2025,7.0,9.8,8.7,A
835,2500190,251CN1,1,2025,3.5,8.1,6.3,C
836,2500515,251CN1,1,2025,3.1,7.7,5.9,C
837,2500056,251SE3,1,2025,8.2,6.1,6.9,C
838,2500663,251DS1,1,2025,7.6,8.4,8.1,B
839,2500432,251AI3,1,2025,6.9,5.4,6.0,C
840,2500288,251DS1,1,2025,9.4,5.7,7.2,B
841,2500034,251ML1,1,2025,8.5,8.0,8.2,B
842,2500884,251OS1,1,2025,10.0,9.8,9.9,A
843,2500042,251AI3,1,2025,4.7,9.3,7.5,B
844,2500303,251WP2,1,2025,6.4,6.8,6.6,C
845,2500442,251WP1,1,2025,3.1,3.9,3.6,F
846,2500535,251WP3,1,2025,8.6,5.7,6.9,C
847,2500548,251OOP3,1,2025,9.9,5.6,7.3,B
848,2500763,251WP3,1,2025,6.2,5.6,5.8,C
849,2500028,251CN2,1,2025,4.6,7.0,6.0,C
850,2500639,251CN3,1,2025,3.2,4.0,3.7,F
851,2500810,251DB3,1,2025,7.8,7.1,7.4,B
852,2500101,251DB2,1,2025,6.5,9.5,8.3,B
853,2500087,251ML3,1,2025,5.6,7.3,6.6,C
854,2500537,251OOP2,1,2025,9.4,5.6,7.1,B
855,2500329,251WP3,1,2025,5.2,6.5,6.0,C
856,2500849,251WP2,1,2025,5.3,6.5,6.0,C
857,2500262,251SE2,1,2025,4.8,3.7,4.1,D
858,2500499,251ML2,1,2025,7.7,7.1,7.3,B
859,2500769,251SE2,1,2025,7.9,3.6,5.3,D
860,2500891,251DM1,1,2025,3.6,9.0,6.8,C
861,2500325,251AI1,1,2025,6.8,9.1,8.2,B
862,2500060,251OOP2,1,2025,5.0,7.7,6.6,C
863,2500803,251AI3,1,2025,6.2,4.2,5.0,D
864,2500584,251CN3,1,2025,5.1,3.4,4.1,D
865,2500139,251DB3,1,2025,3.3,7.1,5.6,C
866,2500385,251SE2,1,2025,6.6,9.6,8.4,B
867,2500430,251OOP2,1,2025,4.4,4.2,4.3,D
868,2500052,251DB2,1,2025,9.2,3.2,5.6,C
869,2500688,251DB2,1,2025,4.1,7.1,5.9,C
870,2500668,251DM3,1,2025,5.7,4.4,4.9,D
871,2500040,251DS2,1,2025,8.6,5.7,6.9,C
872,2500674,251OS1,1,2025,3.4,9.2,6.9,C
873,2500048,251AI3,1,2025,5.4,5.0,5.2,D
874,2500727,251WP1,1,2025,7.4,3.4,5.0,D
875,2500526,251WP1,1,2025,8.8,5.0,6.5,C
876,2500933,251WP3,1,2025,4.1,9.3,7.2,B
877,2500216,251CN1,1,2025,8.0,8.9,8.5,A
878,2500146,251AI3,1,2025,6.1,4.6,5.2,D
879,2500549,251OS2,1,2025,4.1,3.8,3.9,F
880,2500643,251DB3,1,2025,4.0,5.2,4.7,D
881,2500225,251ML3,1,2025,5.6,3.5,4.3,D
882,2500240,251DB1,1,2025,9.8,10.0,9.9,A
883,2500356,251CN2,1,2025,8.3,7.2,7.6,B
884,2500961,251DM3,1,2025,3.9,5.9,5.1,D
885,2500135,251ML2,1,2025,9.5,6.5,7.7,B
886,2500122,251AI3,1,2025,5.8,3.1,4.2,D
887,2500698,251OOP2,1,2025,7.3,4.3,5.5,C
888,2500045,251DB2,1,2025,4.6,9.1,7.3,B
889,2500596,251SE2,1,2025,9.1,3.6,5.8,C
890,2500190,251OS2,1,2025,5.9,3.3,4.3,D
891,2500267,251WP3,1,2025,7.3,3.3,4.9,D
892,2500461,251DM2,1,2025,7.7,7.2,7.4,B
893,2500780,251CN3,1,2025,5.9,5.2,5.5,C
894,2500868,251DS3,1,2025,9.4,3.4,5.8,C
895,2500061,251AI2,1,2025,3.1,4.7,4.1,D
896,2500873,251WP3,1,2025,4.8,9.5,7.6,B
897,2500914,251DS3,1,2025,3.4,9.0,6.8,C
898,2500820,251WP2,1,2025,8.2,4.1,5.7,C
899,2500604,251CN2,1,2025,4.4,3.4,3.8,F
900,2500373,251CN3,1,2025,9.4,4.8,6.6,C
901,2500437,251ML3,1,2025,3.1,6.1,4.9,D
902,2500998,251ML3,1,2025,6.1,4.5,5.1,D
903,2500022,251DB2,1,2025,6.0,8.2,7.3,B
904,2500488,251DB1,1,2025,8.5,5.8,6.9,C
905,2500509,251DM1,1,2025,5.8,3.5,4.4,D
906,2500512,251DS2,1,2025,6.8,9.6,8.5,A
907,2500556,251DM1,1,2025,7.0,5.1,5.9,C
908,2500215,251CN3,1,2025,5.6,4.1,4.7,D
909,2500629,251WP1,1,2025,10.0,7.5,8.5,A
910,2500513,251WP3,1,2025,9.3,6.6,7.7,B
911,2500280,251OOP3,1,2025,8.5,8.8,8.7,A
912,2500420,251DS1,1,2025,8.5,4.2,5.9,C
913,2500352,251OS3,1,2025,5.6,5.3,5.4,D
914,2500513,251DB2,1,2025,9.8,5.2,7.0,B
915,2500719,251SE3,1,2025,6.9,8.2,7.7,B
916,2500976,251DM1,1,2025,5.0,6.9,6.1,C
917,2500803,251OS1,1,2025,7.5,8.9,8.3,B
918,2500307,251CN2,1,2025,6.6,4.0,5.0,D
919,2500981,251AI1,1,2025,7.2,8.5,8.0,B
920,2500061,251OS3,1,2025,8.9,3.1,5.4,D
921,2500160,251DB3,1,2025,8.3,5.0,6.3,C
922,2500658,251WP1,1,2025,6.4,4.3,5.1,D
923,2500194,251OS2,1,2025,8.4,9.1,8.8,A
924,2500877,251SE3,1,2025,4.0,3.5,3.7,F
925,2500400,251AI3,1,2025,3.6,9.7,7.3,B
926,2500719,251OS2,1,2025,9.0,4.8,6.5,C
927,2500699,251CN1,1,2025,3.1,8.6,6.4,C
928,2500485,251ML1,1,2025,5.7,9.0,7.7,B
929,2500470,251OOP1,1,2025,7.6,6.8,7.1,B
930,2500016,251WP2,1,2025,4.9,3.4,4.0,D
931,2500665,251SE2,1,2025,5.8,3.5,4.4,D
932,2500072,251CN1,1,2025,3.6,8.0,6.2,C
933,2500056,251ML2,1,2025,5.4,9.6,7.9,B
934,2500894,251OS1,1,2025,7.2,7.9,7.6,B
935,2500929,251DS1,1,2025,4.3,6.6,5.7,C
936,2500824,251DM1,1,2025,7.5,5.2,6.1,C
937,2500366,251CN2,1,2025,3.6,9.5,7.1,B
938,2500643,251CN1,1,2025,5.8,6.1,6.0,C
939,2500794,251DM2,1,2025,5.9,7.6,6.9,C
940,2500121,251SE1,1,2025,6.3,4.3,5.1,D
941,2500335,251WP3,1,2025,5.2,7.7,6.7,C
942,2500825,251OS1,1,2025,8.1,3.1,5.1,D
943,2500333,251DM1,1,2025,8.1,9.9,9.2,A
944,2500267,251CN2,1,2025,3.2,6.8,5.4,D
945,2500522,251WP2,1,2025,8.0,9.3,8.8,A
946,2500502,251DB3,1,2025,8.1,6.9,7.4,B
947,2500147,251CN2,1,2025,9.3,5.6,7.1,B
948,2500656,251SE3,1,2025,3.5,9.6,7.2,B
949,2500927,251WP3,1,2025,4.5,9.7,7.6,B
950,2500062,251OOP1,1,2025,8.6,8.8,8.7,A
951,2500263,251DS3,1,2025,3.9,6.1,5.2,D
952,2500931,251OS2,1,2025,4.0,4.2,4.1,D
953,2500154,251WP2,1,2025,8.3,4.3,5.9,C
954,2500585,251DB3,1,2025,7.5,7.5,7.5,B
955,2500317,251WP3,1,2025,6.3,9.6,8.3,B
956,2500793,251WP1,1,2025,8.3,6.3,7.1,B
957,2500300,251WP3,1,2025,9.2,3.6,5.8,C
958,2500512,251WP2,1,2025,4.7,5.2,5.0,D
959,2500319,251ML1,1,2025,8.1,7.1,7.5,B
960,2500734,251DB1,1,2025,7.8,8.1,8.0,B
961,2500590,251OOP2,1,2025,6.4,7.9,7.3,B
962,2500979,251OOP2,1,2025,7.6,8.3,8.0,B
963,2500602,251CN1,1,2025,6.5,4.7,5.4,D
964,2500620,251AI3,1,2025,6.6,3.9,5.0,D
965,2500919,251DS3,1,2025,6.7,7.6,7.2,B
966,2500966,251CN2,1,2025,9.5,7.2,8.1,B
967,2500359,251DS3,1,2025,4.5,9.0,7.2,B
968,2500324,251WP2,1,2025,3.5,8.9,6.7,C
969,2500644,251OS1,1,2025,4.6,5.9,5.4,D
970,2500383,251WP3,1,2025,3.6,3.7,3.7,F
971,2500102,251SE1,1,2025,8.8,4.2,6.0,C
972,2500517,251WP1,1,2025,9.2,9.5,9.4,A
973,2500869,251OS2,1,2025,6.3,8.1,7.4,B
974,2500006,251DS3,1,2025,5.7,8.3,7.3,B
975,2500188,251DB1,1,2025,9.1,9.8,9.5,A
976,2500124,251WP2,1,2025,6.4,8.5,7.7,B
977,2500745,251SE2,1,2025,6.8,3.4,4.8,D
978,2500190,251DB3,1,2025,5.1,8.9,7.4,B
979,2500328,251AI1,1,2025,6.5,8.4,7.6,B
980,2500135,251WP2,1,2025,3.7,7.5,6.0,C
981,2500937,251DS3,1,2025,6.0,8.5,7.5,B
982,2500262,251OS1,1,2025,3.2,7.9,6.0,C
983,2500590,251DS2,1,2025,4.1,5.7,5.1,D
984,2500719,251DB1,1,2025,5.6,4.6,5.0,D
985,2500895,251OS3,1,2025,3.0,8.4,6.2,C
986,2500944,251CN1,1,2025,4.4,4.5,4.5,D
987,2500970,251AI1,1,2025,5.0,9.3,7.6,B
988,2500729,251AI3,1,2025,9.9,6.0,7.6,B
989,2500042,251DM1,1,2025,8.5,3.2,5.3,D
990,2500193,251CN3,1,2025,9.7,3.0,5.7,C
991,2500697,251ML1,1,2025,8.0,7.2,7.5,B
992,2500979,251SE2,1,2025,8.6,9.9,9.4,A
993,2500285,251ML1,1,2025,9.8,6.1,7.6,B
994,2500964,251SE3,1,2025,9.8,9.2,9.4,A
995,2500022,251AI1,1,2025,7.1,8.2,7.8,B
996,2500657,251DM2,1,2025,8.4,8.4,8.4,B
997,2500550,251DS2,1,2025,4.3,4.1,4.2,D
998,2500371,251SE1,1,2025,5.7,9.7,8.1,B
999,2500025,251DM3,1,2025,7.5,9.3,8.6,A
1000,2500506,251DM2,1,2025,3.4,7.1,5.6,C
1001,2500513,251OOP3,1,2025,9.1,8.8,8.9,A
1002,2500026,251AI3,1,2025,3.0,9.8,7.1,B
1003,2500819,251WP1,1,2025,8.7,9.8,9.4,A
1004,2500316,251DB1,1,2025,4.9,6.8,6.0,C
1005,2500890,251SE3,1,2025,6.0,9.8,8.3,B
1006,2500173,251WP1,1,2025,3.9,6.8,5.6,C
1007,2500131,251OOP1,1,2025,5.9,5.3,5.5,C
1008,2500588,251OOP2,1,2025,3.2,3.4,3.3,F
1009,2500066,251DM2,1,2025,8.3,5.8,6.8,C
1010,2500780,251DM1,1,2025,8.9,6.0,7.2,B
1011,2500828,251DB3,1,2025,6.3,3.9,4.9,D
1012,2500744,251SE1,1,2025,7.8,3.8,5.4,D
1013,2500713,251DM3,1,2025,5.0,7.0,6.2,C
1014,2500805,251AI2,1,2025,5.7,6.1,5.9,C
1015,2500341,251DS3,1,2025,4.4,8.9,7.1,B
1016,2500678,251DB2,1,2025,6.5,7.6,7.2,B
1017,2500716,251AI1,1,2025,4.2,7.8,6.4,C
1018,2500536,251DS2,1,2025,4.2,6.4,5.5,C
1019,2500099,251DB1,1,2025,4.6,3.7,4.1,D
1020,2500192,251AI1,1,2025,4.6,3.6,4.0,D
1021,2500505,251DS2,1,2025,5.3,7.1,6.4,C
1022,2500467,251DS2,1,2025,3.9,3.5,3.7,F
1023,2500764,251OOP3,1,2025,9.2,7.7,8.3,B
1024,2500440,251OOP2,1,2025,6.8,9.4,8.4,B
1025,2500465,251OS1,1,2025,4.2,4.4,4.3,D
1026,2500107,251OS2,1,2025,9.0,7.0,7.8,B
1027,2500193,251DS3,1,2025,7.8,5.1,6.2,C
1028,2500878,251DB3,1,2025,6.3,3.7,4.7,D
1029,2500969,251SE3,1,2025,8.7,7.2,7.8,B
1030,2500750,251OOP2,1,2025,8.7,3.1,5.3,D
1031,2500741,251DM2,1,2025,5.1,5.8,5.5,C
1032,2500779,251OS3,1,2025,7.4,7.6,7.5,B
1033,2500232,251ML1,1,2025,10.0,5.9,7.5,B
1034,2500770,251CN1,1,2025,7.0,7.4,7.2,B
1035,2500658,251DB3,1,2025,6.1,7.5,6.9,C
1036,2500644,251SE1,1,2025,5.6,3.4,4.3,D
1037,2500166,251DB1,1,2025,3.3,4.1,3.8,F
1038,2500914,251AI2,1,2025,4.8,7.4,6.4,C
1039,2500707,251SE2,1,2025,4.3,10.0,7.7,B
1040,2500927,251SE3,1,2025,9.8,6.3,7.7,B
1041,2500905,251OS1,1,2025,5.2,4.6,4.8,D
1042,2500952,251ML2,1,2025,9.3,5.8,7.2,B
1043,2500206,251WP3,1,2025,7.4,9.7,8.8,A
1044,2500625,251AI3,1,2025,3.8,8.6,6.7,C
1045,2500992,251ML3,1,2025,4.1,3.9,4.0,D
1046,2500583,251DM3,1,2025,4.5,4.0,4.2,D
1047,2500134,251CN2,1,2025,4.3,5.0,4.7,D
1048,2500127,251DM2,1,2025,4.5,3.3,3.8,F
1049,2500516,251CN2,1,2025,9.9,5.2,7.1,B
1050,2500749,251CN3,1,2025,6.3,3.1,4.4,D
1051,2500805,251ML2,1,2025,5.0,4.1,4.5,D
1052,2500453,251WP1,1,2025,7.9,6.5,7.1,B
1053,2500870,251SE1,1,2025,6.4,9.0,8.0,B
1054,2500725,251ML1,1,2025,6.0,8.1,7.3,B
1055,2500313,251OS1,1,2025,3.2,3.9,3.6,F
1056,2500671,251OOP1,1,2025,9.3,3.1,5.6,C
1057,2500251,251DS3,1,2025,10.0,5.6,7.4,B
1058,2500404,251DM1,1,2025,9.3,8.4,8.8,A
1059,2500576,251OOP2,1,2025,9.7,9.4,9.5,A
1060,2500913,251OS3,1,2025,8.9,5.9,7.1,B
1061,2500495,251OOP3,1,2025,6.7,5.3,5.9,C
1062,2500903,251DM2,1,2025,3.4,4.0,3.8,F
1063,2500776,251CN2,1,2025,6.1,3.9,4.8,D
1064,2500615,251ML3,1,2025,4.9,8.1,6.8,C
1065,2500930,251SE2,1,2025,6.3,3.4,4.6,D
1066,2500227,251DB2,1,2025,3.8,3.1,3.4,F
1067,2500217,251DM2,1,2025,5.7,9.2,7.8,B
1068,2500769,251WP3,1,2025,8.0,3.9,5.5,C
1069,2500630,251WP3,1,2025,6.6,9.6,8.4,B
1070,2500401,251WP1,1,2025,5.1,5.5,5.3,D
1071,2500328,251WP3,1,2025,8.5,3.2,5.3,D
1072,2500846,251SE2,1,2025,9.0,7.8,8.3,B
1073,2500375,251DB2,1,2025,6.6,3.3,4.6,D
1074,2500394,251DB1,1,2025,5.7,9.7,8.1,B
1075,2500176,251AI3,1,2025,5.6,6.3,6.0,C
1076,2500991,251WP1,1,2025,7.2,9.4,8.5,A
1077,2500060,251DB2,1,2025,6.5,10.0,8.6,A
1078,2500176,251OS2,1,2025,8.8,4.0,5.9,C
1079,2500227,251CN1,1,2025,8.4,8.6,8.5,A
1080,2500816,251OS1,1,2025,7.8,3.2,5.0,D
1081,2500990,251DB2,1,2025,6.2,9.6,8.2,B
1082,2500422,251ML2,1,2025,7.9,9.4,8.8,A
1083,2500907,251WP3,1,2025,6.3,7.0,6.7,C
1084,2500426,251DB3,1,2025,3.7,4.9,4.4,D
1085,2500235,251DB2,1,2025,7.0,9.1,8.3,B
1086,2500238,251DM1,1,2025,4.1,3.3,3.6,F
1087,2500555,251CN1,1,2025,4.8,3.8,4.2,D
1088,2500266,251DM1,1,2025,5.7,5.1,5.3,D
1089,2500696,251WP3,1,2025,4.2,7.0,5.9,C
1090,2500409,251DM1,1,2025,9.0,7.0,7.8,B
1091,2500642,251WP1,1,2025,6.5,4.4,5.2,D
1092,2500887,251ML2,1,2025,3.2,9.3,6.9,C
1093,2500757,251CN2,1,2025,7.6,5.3,6.2,C
1094,2500159,251DB3,1,2025,5.2,7.0,6.3,C
1095,2500383,251ML3,1,2025,7.0,4.9,5.7,C
1096,2500709,251DB3,1,2025,7.1,8.7,8.1,B
1097,2500423,251OOP3,1,2025,5.7,7.3,6.7,C
1098,2500233,251OS1,1,2025,8.6,8.6,8.6,A
1099,2500313,251CN1,1,2025,5.0,9.4,7.6,B
1100,2500055,251CN3,1,2025,8.0,4.4,5.8,C
1101,2500862,251AI1,1,2025,6.1,5.2,5.6,C
1102,2500822,251DB1,1,2025,9.6,4.6,6.6,C
1103,2500491,251OOP2,1,2025,3.0,8.0,6.0,C
1104,2500166,251SE3,1,2025,7.1,4.9,5.8,C
1105,2500596,251WP1,1,2025,7.9,3.4,5.2,D
1106,2500544,251DS2,1,2025,9.5,3.8,6.1,C
1107,2500809,251DS2,1,2025,8.0,9.4,8.8,A
1108,2500517,251AI1,1,2025,7.8,7.3,7.5,B
1109,2500565,251DS3,1,2025,3.1,6.7,5.3,D
1110,2500888,251OS3,1,2025,5.3,4.3,4.7,D
1111,2500949,251DM2,1,2025,3.1,3.1,3.1,F
1112,2500717,251SE2,1,2025,7.1,3.0,4.6,D
1113,2500007,251DB3,1,2025,3.4,4.5,4.1,D
1114,2500690,251CN2,1,2025,6.3,3.3,4.5,D
1115,2500235,251AI2,1,2025,8.7,5.0,6.5,C
1116,2500553,251OS2,1,2025,7.0,4.6,5.6,C
1117,2500416,251ML3,1,2025,4.4,5.7,5.2,D
1118,2500701,251ML3,1,2025,9.0,3.5,5.7,C
1119,2500342,251OOP3,1,2025,6.9,3.0,4.6,D
1120,2500772,251WP2,1,2025,8.0,6.9,7.3,B
1121,2500700,251AI2,1,2025,3.1,5.0,4.2,D
1122,2500851,251WP1,1,2025,5.8,6.2,6.0,C
1123,2500851,251SE1,1,2025,5.9,8.7,7.6,B
1124,2500766,251CN1,1,2025,8.6,8.6,8.6,A
1125,2500535,251SE3,1,2025,3.8,9.1,7.0,B
1126,2500077,251SE3,1,2025,3.1,8.5,6.3,C
1127,2500279,251OOP2,1,2025,3.9,9.2,7.1,B
1128,2500932,251AI3,1,2025,8.5,3.8,5.7,C
1129,2500373,251DB3,1,2025,6.1,4.1,4.9,D
1130,2500918,251DB2,1,2025,3.1,9.6,7.0,B
1131,2500193,251ML2,1,2025,5.1,9.1,7.5,B
1132,2500399,251OS3,1,2025,9.2,5.1,6.7,C
1133,2500394,251CN2,1,2025,5.2,3.5,4.2,D
1134,2500127,251DM3,1,2025,5.9,9.9,8.3,B
1135,2500491,251DS2,1,2025,4.1,5.6,5.0,D
1136,2500440,251ML2,1,2025,9.0,9.1,9.1,A
1137,2500263,251OOP2,1,2025,7.5,7.2,7.3,B
1138,2500489,251DS1,1,2025,9.0,7.4,8.0,B
1139,2500732,251DM3,1,2025,3.4,6.0,5.0,D
1140,2500186,251AI2,1,2025,7.9,5.5,6.5,C
1141,2500072,251WP2,1,2025,5.3,8.6,7.3,B
1142,2500006,251DS1,1,2025,4.5,5.4,5.0,D
1143,2500780,251ML2,1,2025,7.4,8.2,7.9,B
1144,2500626,251OS3,1,2025,5.5,6.1,5.9,C
1145,2500995,251OOP3,1,2025,4.7,5.9,5.4,D
1146,2500194,251DM2,1,2025,9.9,9.8,9.8,A
1147,2500681,251ML1,1,2025,5.8,6.4,6.2,C
1148,2500038,251DB3,1,2025,6.3,3.1,4.4,D
1149,2500540,251SE1,1,2025,5.4,8.8,7.4,B
1150,2500163,251DB2,1,2025,4.9,8.9,7.3,B
1151,2500976,251ML3,1,2025,7.1,5.9,6.4,C
1152,2500933,251ML3,1,2025,4.1,7.6,6.2,C
1153,2500089,251ML2,1,2025,5.1,5.1,5.1,D
1154,2500951,251DM3,1,2025,5.0,5.9,5.5,C
1155,2500372,251WP3,1,2025,6.6,5.2,5.8,C
1156,2500298,251DS2,1,2025,8.0,3.7,5.4,D
1157,2500762,251CN3,1,2025,4.3,4.2,4.2,D
1158,2500990,251DS2,1,2025,9.6,3.2,5.8,C
1159,2500165,251DS2,1,2025,6.2,5.9,6.0,C
1160,2500374,251OS3,1,2025,3.4,6.9,5.5,C
1161,2500483,251CN3,1,2025,3.8,8.5,6.6,C
1162,2500640,251SE3,1,2025,5.1,5.3,5.2,D
1163,2500678,251OOP2,1,2025,5.4,7.6,6.7,C
1164,2500458,251AI2,1,2025,4.7,7.7,6.5,C
1165,2500648,251OOP2,1,2025,8.0,5.8,6.7,C
1166,2500865,251OOP2,1,2025,5.9,6.4,6.2,C
1167,2500958,251OS3,1,2025,8.7,8.9,8.8,A
1168,2500344,251WP3,1,2025,5.0,7.2,6.3,C
1169,2500842,251AI2,1,2025,5.3,4.7,4.9,D
1170,2500281,251ML3,1,2025,5.1,6.2,5.8,C
1171,2500354,251AI1,1,2025,3.1,9.5,6.9,C
1172,2500434,251OS2,1,2025,7.8,4.0,5.5,C
1173,2500109,251SE1,1,2025,6.9,9.4,8.4,B
1174,2500863,251WP2,1,2025,4.3,6.2,5.4,D
1175,2500306,251ML1,1,2025,5.9,6.2,6.1,C
1176,2500878,251CN2,1,2025,5.8,4.6,5.1,D
1177,2500693,251DS1,1,2025,9.7,5.1,6.9,C
1178,2500313,251OOP3,1,2025,8.2,7.3,7.7,B
1179,2500748,251SE3,1,2025,7.7,6.1,6.7,C
1180,2500619,251ML1,1,2025,9.5,6.9,7.9,B
1181,2500084,251OS1,1,2025,5.6,3.4,4.3,D
1182,2500142,251WP3,1,2025,6.3,9.8,8.4,B
1183,2500198,251WP2,1,2025,6.8,5.2,5.8,C
1184,2500918,251DB3,1,2025,5.2,4.6,4.8,D
1185,2500419,251DM1,1,2025,4.7,5.9,5.4,D
1186,2500066,251DM1,1,2025,3.8,4.6,4.3,D
1187,2500778,251OS2,1,2025,8.0,5.0,6.2,C
1188,2500639,251WP3,1,2025,5.4,8.7,7.4,B
1189,2500247,251CN1,1,2025,4.9,8.1,6.8,C
1190,2500779,251SE1,1,2025,3.3,7.6,5.9,C
1191,2500064,251OOP3,1,2025,3.4,8.5,6.5,C
1192,2500861,251DM2,1,2025,9.7,5.4,7.1,B
1193,2500827,251DB3,1,2025,8.8,5.3,6.7,C
1194,2500121,251SE2,1,2025,4.6,5.5,5.1,D
1195,2500128,251WP2,1,2025,5.5,5.3,5.4,D
1196,2500018,251AI2,1,2025,5.0,4.6,4.8,D
1197,2500337,251DS1,1,2025,8.5,5.5,6.7,C
1198,2500205,251DS3,1,2025,7.1,3.1,4.7,D
1199,2500631,251DM3,1,2025,4.3,3.7,3.9,F
1200,2500592,251WP2,1,2025,8.9,9.7,9.4,A
1201,2500559,251WP3,1,2025,7.4,3.9,5.3,D
1202,2500669,251OS2,1,2025,4.8,7.9,6.7,C
1203,2500221,251AI1,1,2025,5.9,5.7,5.8,C
1204,2500212,251AI3,1,2025,9.4,9.5,9.5,A
1205,2500174,251AI3,1,2025,3.7,5.0,4.5,D
1206,2500387,251DB2,1,2025,7.9,9.9,9.1,A
1207,2500603,251OOP2,1,2025,3.9,4.6,4.3,D
1208,2500425,251SE3,1,2025,5.0,9.7,7.8,B
1209,2500763,251OOP1,1,2025,9.9,4.0,6.4,C
1210,2500918,251DS3,1,2025,8.9,9.4,9.2,A
1211,2500694,251DS1,1,2025,5.2,6.8,6.2,C
1212,2500454,251OS1,1,2025,3.1,7.4,5.7,C
1213,2500662,251AI1,1,2025,6.4,3.6,4.7,D
1214,2500662,251ML3,1,2025,7.3,9.5,8.6,A
1215,2500810,251DS3,1,2025,6.7,4.5,5.4,D
1216,2500775,251SE3,1,2025,5.7,6.5,6.2,C
1217,2500061,251OOP1,1,2025,9.0,7.5,8.1,B
1218,2500692,251OOP3,1,2025,6.1,9.8,8.3,B
1219,2500900,251CN3,1,2025,4.1,5.0,4.6,D
1220,2500659,251AI1,1,2025,5.5,5.5,5.5,C
1221,2500414,251CN2,1,2025,5.4,3.2,4.1,D
1222,2500236,251WP2,1,2025,9.2,4.4,6.3,C
1223,2500718,251CN2,1,2025,3.5,6.9,5.5,C
1224,2500847,251CN3,1,2025,6.1,4.5,5.1,D
1225,2500096,251OS1,1,2025,5.6,8.8,7.5,B
1226,2500613,251CN1,1,2025,3.1,4.7,4.1,D
1227,2500154,251DS1,1,2025,3.3,9.4,7.0,B
1228,2500946,251DS2,1,2025,5.5,8.9,7.5,B
1229,2500823,251ML3,1,2025,4.4,6.8,5.8,C
1230,2500177,251DB2,1,2025,5.0,5.8,5.5,C
1231,2500829,251AI1,1,2025,6.5,10.0,8.6,A
1232,2500383,251DM1,1,2025,9.5,7.5,8.3,B
1233,2500331,251AI1,1,2025,8.6,3.8,5.7,C
1234,2500738,251OOP2,1,2025,7.5,8.9,8.3,B
1235,2500055,251AI3,1,2025,9.3,7.5,8.2,B
1236,2500334,251AI3,1,2025,8.7,5.0,6.5,C
1237,2500066,251DB3,1,2025,9.8,9.3,9.5,A
1238,2500748,251DB1,1,2025,7.1,8.9,8.2,B
1239,2500817,251DM3,1,2025,7.2,9.5,8.6,A
1240,2500532,251ML2,1,2025,9.2,5.3,6.9,C
1241,2500497,251WP2,1,2025,3.3,4.3,3.9,F
1242,2500363,251SE2,1,2025,6.2,7.0,6.7,C
1243,2500050,251DM1,1,2025,4.5,5.1,4.9,D
1244,2500361,251WP3,1,2025,5.0,7.0,6.2,C
1245,2500180,251ML3,1,2025,5.5,8.2,7.1,B
1246,2500588,251DS3,1,2025,9.2,3.5,5.8,C
1247,2500376,251CN2,1,2025,7.4,8.2,7.9,B
1248,2500535,251DB1,1,2025,9.3,3.2,5.6,C
1249,2500416,251SE3,1,2025,7.3,7.1,7.2,B
1250,2500013,251ML1,1,2025,6.3,7.2,6.8,C
1251,2500210,251CN3,1,2025,6.0,5.9,5.9,C
1252,2500646,251DS1,1,2025,9.7,3.4,5.9,C
1253,2500056,251ML3,1,2025,5.3,9.1,7.6,B
1254,2500079,251DM2,1,2025,5.5,9.6,8.0,B
1255,2500515,251WP2,1,2025,9.2,4.9,6.6,C
1256,2500477,251OOP2,1,2025,9.2,6.9,7.8,B
1257,2500511,251OS2,1,2025,6.2,7.3,6.9,C
1258,2500025,251DM1,1,2025,9.4,7.2,8.1,B
1259,2500451,251DM3,1,2025,9.2,8.5,8.8,A
1260,2500673,251OS2,1,2025,5.8,9.9,8.3,B
1261,2500806,251OOP1,1,2025,9.9,7.6,8.5,A
1262,2500533,251DS1,1,2025,5.4,5.0,5.2,D
1263,2500376,251OOP1,1,2025,7.5,8.9,8.3,B
1264,2500303,251SE1,1,2025,9.2,4.4,6.3,C
1265,2500097,251CN1,1,2025,9.7,9.1,9.3,A
1266,2500581,251OOP2,1,2025,6.8,7.3,7.1,B
1267,2500376,251DS2,1,2025,4.6,7.1,6.1,C
1268,2500756,251SE3,1,2025,8.0,7.8,7.9,B
1269,2500523,251SE1,1,2025,7.1,7.9,7.6,B
1270,2500508,251DS3,1,2025,6.1,3.3,4.4,D
1271,2500256,251SE1,1,2025,4.1,7.5,6.1,C
1272,2500134,251OOP3,1,2025,6.8,8.7,7.9,B
1273,2500160,251DS1,1,2025,4.6,7.1,6.1,C
1274,2500879,251SE1,1,2025,7.4,3.8,5.2,D
1275,2500646,251OOP2,1,2025,3.1,3.0,3.0,F
1276,2500636,251CN1,1,2025,3.9,9.6,7.3,B
1277,2500891,251OS3,1,2025,5.8,7.7,6.9,C
1278,2500760,251AI1,1,2025,7.6,7.8,7.7,B
1279,2500239,251DM3,1,2025,9.3,5.0,6.7,C
1280,2500316,251DM3,1,2025,8.2,8.7,8.5,A
1281,2500500,251DS3,1,2025,9.0,7.3,8.0,B
1282,2500023,251DB2,1,2025,8.4,7.3,7.7,B
1283,2500884,251OS2,1,2025,5.4,4.6,4.9,D
1284,2500699,251WP1,1,2025,8.1,8.5,8.3,B
1285,2500979,251CN3,1,2025,5.7,6.5,6.2,C
1286,2500226,251OS3,1,2025,6.4,7.2,6.9,C
1287,2500280,251WP3,1,2025,6.4,6.0,6.2,C
1288,2500002,251ML3,1,2025,8.8,5.8,7.0,B
1289,2500866,251DM2,1,2025,7.9,6.8,7.2,B
1290,2500646,251ML2,1,2025,7.0,4.6,5.6,C
1291,2500173,251DS3,1,2025,3.7,9.3,7.1,B
1292,2500260,251DB1,1,2025,7.2,8.0,7.7,B
1293,2500223,251ML1,1,2025,7.1,5.2,6.0,C
1294,2500472,251CN3,1,2025,9.9,4.3,6.5,C
1295,2500852,251SE1,1,2025,5.3,7.8,6.8,C
1296,2500375,251DM3,1,2025,7.2,6.2,6.6,C
1297,2500066,251AI1,1,2025,5.6,6.2,6.0,C
1298,2500403,251SE3,1,2025,8.6,5.1,6.5,C
1299,2500148,251CN3,1,2025,3.7,9.9,7.4,B
1300,2500537,251OS2,1,2025,5.7,8.7,7.5,B
1301,2500495,251DM3,1,2025,9.6,7.6,8.4,B
1302,2500776,251DS2,1,2025,9.3,7.2,8.0,B
1303,2500146,251OOP2,1,2025,5.2,4.0,4.5,D
1304,2500843,251CN3,1,2025,9.8,4.7,6.7,C
1305,2500065,251OOP2,1,2025,8.1,5.6,6.6,C
1306,2500675,251DS2,1,2025,8.0,8.0,8.0,B
1307,2500219,251CN3,1,2025,7.5,6.2,6.7,C
1308,2500709,251CN1,1,2025,8.2,6.3,7.1,B
1309,2500802,251OOP1,1,2025,9.0,7.8,8.3,B
1310,2500619,251AI3,1,2025,7.8,4.0,5.5,C
1311,2500328,251OOP3,1,2025,9.8,7.5,8.4,B
1312,2500263,251DB3,1,2025,4.8,3.4,4.0,D
1313,2500340,251AI1,1,2025,9.6,7.0,8.0,B
1314,2500367,251DB1,1,2025,3.1,8.3,6.2,C
1315,2500452,251CN2,1,2025,7.7,8.9,8.4,B
1316,2500166,251DS3,1,2025,7.7,9.3,8.7,A
1317,2500713,251DB3,1,2025,5.9,4.6,5.1,D
1318,2500325,251OS1,1,2025,9.2,6.4,7.5,B
1319,2500135,251OS2,1,2025,5.7,4.2,4.8,D
1320,2500642,251WP2,1,2025,5.0,8.6,7.2,B
1321,2500522,251CN1,1,2025,8.0,8.2,8.1,B
1322,2500497,251DM2,1,2025,8.3,4.6,6.1,C
1323,2500626,251OOP3,1,2025,3.6,8.5,6.5,C
1324,2500720,251OOP1,1,2025,3.3,8.6,6.5,C
1325,2500833,251DB1,1,2025,7.2,7.4,7.3,B
1326,2500184,251SE3,1,2025,8.6,7.9,8.2,B
1327,2500858,251CN3,1,2025,8.8,3.3,5.5,C
1328,2500051,251DM2,1,2025,4.7,7.5,6.4,C
1329,2500771,251CN1,1,2025,5.2,6.1,5.7,C
1330,2500684,251CN2,1,2025,3.6,8.3,6.4,C
1331,2500905,251SE2,1,2025,3.7,7.0,5.7,C
1332,2500483,251DM3,1,2025,4.9,8.2,6.9,C
1333,2500588,251WP3,1,2025,4.0,5.7,5.0,D
1334,2500167,251WP3,1,2025,7.0,3.2,4.7,D
1335,2500796,251DM3,1,2025,3.7,4.3,4.1,D
1336,2500299,251WP1,1,2025,8.7,5.7,6.9,C
1337,2500096,251DS1,1,2025,4.2,3.9,4.0,D
1338,2500525,251DM2,1,2025,8.0,5.8,6.7,C
1339,2500852,251ML1,1,2025,4.6,4.6,4.6,D
1340,2500271,251DS3,1,2025,3.8,4.5,4.2,D
1341,2500985,251DB2,1,2025,4.2,8.4,6.7,C
1342,2500287,251DB3,1,2025,8.5,9.6,9.2,A
1343,2500108,251OS2,1,2025,5.2,3.4,4.1,D
1344,2500609,251OS1,1,2025,9.5,7.1,8.1,B
1345,2500652,251ML1,1,2025,7.3,8.8,8.2,B
1346,2500205,251DS2,1,2025,3.1,6.1,4.9,D
1347,2500400,251OOP3,1,2025,4.1,4.9,4.6,D
1348,2500243,251DM2,1,2025,7.8,3.7,5.3,D
1349,2500078,251ML2,1,2025,3.9,5.3,4.7,D
1350,2500741,251OOP1,1,2025,8.2,5.8,6.8,C
1351,2500164,251SE2,1,2025,7.5,5.9,6.5,C
1352,2500034,251ML3,1,2025,9.8,8.3,8.9,A
1353,2500530,251DB2,1,2025,5.8,9.9,8.3,B
1354,2500982,251WP2,1,2025,6.6,9.0,8.0,B
1355,2500770,251DB1,1,2025,8.4,4.0,5.8,C
1356,2500444,251SE3,1,2025,3.0,5.9,4.7,D
1357,2500734,251CN1,1,2025,4.2,5.8,5.2,D
1358,2500795,251DS1,1,2025,4.3,7.3,6.1,C
1359,2500748,251DS2,1,2025,3.6,6.0,5.0,D
1360,2500241,251OOP3,1,2025,4.5,3.3,3.8,F
1361,2500886,251ML2,1,2025,6.2,9.6,8.2,B
1362,2500306,251OS2,1,2025,9.3,9.4,9.4,A
1363,2500746,251DB2,1,2025,3.9,7.8,6.2,C
1364,2500302,251OS1,1,2025,5.3,9.6,7.9,B
1365,2500648,251DS2,1,2025,5.4,6.0,5.8,C
1366,2500449,251DS1,1,2025,6.8,4.0,5.1,D
1367,2500944,251AI2,1,2025,8.9,8.5,8.7,A
1368,2500324,251ML3,1,2025,6.8,5.1,5.8,C
1369,2500907,251AI3,1,2025,6.4,4.5,5.3,D
1370,2500145,251AI2,1,2025,8.1,5.2,6.4,C
1371,2500575,251OOP1,1,2025,6.6,3.8,4.9,D
1372,2500943,251WP2,1,2025,3.3,9.0,6.7,C
1373,2500302,251DB3,1,2025,3.4,3.4,3.4,F
1374,2500423,251CN3,1,2025,7.2,4.3,5.5,C
1375,2500588,251OS3,1,2025,9.1,6.8,7.7,B
1376,2500291,251OS3,1,2025,3.4,5.0,4.4,D
1377,2500177,251DM1,1,2025,5.4,4.2,4.7,D
1378,2500782,251ML1,1,2025,4.9,3.9,4.3,D
1379,2500742,251WP1,1,2025,8.8,5.5,6.8,C
1380,2500902,251OOP3,1,2025,9.4,8.4,8.8,A
1381,2500092,251WP3,1,2025,8.8,5.4,6.8,C
1382,2500435,251ML2,1,2025,6.6,3.2,4.6,D
1383,2500452,251DM3,1,2025,6.5,6.9,6.7,C
1384,2500323,251DS3,1,2025,7.0,6.4,6.6,C
1385,2500646,251OS2,1,2025,6.7,8.2,7.6,B
1386,2500845,251OOP1,1,2025,6.6,8.4,7.7,B
1387,2500724,251DS2,1,2025,8.3,5.7,6.7,C
1388,2500912,251CN3,1,2025,5.0,3.4,4.0,D
1389,2500196,251ML2,1,2025,4.2,4.4,4.3,D
1390,2500219,251ML1,1,2025,9.6,8.1,8.7,A
1391,2500614,251SE1,1,2025,5.8,3.0,4.1,D
1392,2500630,251SE1,1,2025,6.9,5.8,6.2,C
1393,2500546,251SE1,1,2025,3.5,6.5,5.3,D
1394,2500851,251AI2,1,2025,3.2,3.4,3.3,F
1395,2500872,251DS2,1,2025,3.4,9.4,7.0,B
1396,2500318,251WP2,1,2025,7.4,9.5,8.7,A
1397,2500036,251CN3,1,2025,7.1,8.8,8.1,B
1398,2500763,251ML3,1,2025,3.1,4.9,4.2,D
1399,2500404,251AI3,1,2025,7.3,7.3,7.3,B
1400,2500322,251DM2,1,2025,3.9,3.4,3.6,F
1401,2500157,251OOP2,1,2025,7.3,3.2,4.8,D
1402,2500276,251ML2,1,2025,6.6,4.3,5.2,D
1403,2500084,251OOP2,1,2025,9.6,9.5,9.5,A
1404,2500005,251AI2,1,2025,8.7,3.2,5.4,D
1405,2500175,251ML2,1,2025,6.8,5.8,6.2,C
1406,2500252,251CN3,1,2025,9.6,3.3,5.8,C
1407,2500912,251SE1,1,2025,3.7,4.9,4.4,D
1408,2500994,251AI2,1,2025,5.8,4.3,4.9,D
1409,2500524,251DM1,1,2025,6.6,7.2,7.0,B
1410,2500609,251OS2,1,2025,4.1,8.1,6.5,C
1411,2500898,251OOP2,1,2025,9.8,4.8,6.8,C
1412,2500545,251DM1,1,2025,4.6,6.0,5.4,D
1413,2500542,251DS1,1,2025,6.9,5.7,6.2,C
1414,2500410,251OS3,1,2025,6.8,6.3,6.5,C
1415,2500656,251OOP1,1,2025,9.6,3.4,5.9,C
1416,2500781,251OOP2,1,2025,9.4,5.2,6.9,C
1417,2500437,251SE1,1,2025,6.5,5.8,6.1,C
1418,2500554,251DB3,1,2025,4.4,4.8,4.6,D
1419,2500517,251DM2,1,2025,9.1,5.0,6.6,C
1420,2500958,251OS2,1,2025,3.7,6.0,5.1,D
1421,2500241,251CN1,1,2025,3.5,9.5,7.1,B
1422,2500654,251SE1,1,2025,4.4,6.6,5.7,C
1423,2500839,251DM2,1,2025,9.2,6.5,7.6,B
1424,2500982,251WP3,1,2025,7.9,7.1,7.4,B
1425,2500464,251ML1,1,2025,5.7,8.8,7.6,B
1426,2500731,251OOP2,1,2025,7.2,3.1,4.7,D
1427,2500048,251WP3,1,2025,5.6,6.4,6.1,C
1428,2500911,251WP1,1,2025,9.4,6.6,7.7,B
1429,2500101,251DM2,1,2025,7.9,3.3,5.1,D
1430,2500942,251CN3,1,2025,7.9,3.2,5.1,D
1431,2500785,251OS2,1,2025,9.6,3.8,6.1,C
1432,2500848,251AI1,1,2025,3.7,5.2,4.6,D
1433,2500408,251ML2,1,2025,4.6,7.5,6.3,C
1434,2500537,251WP3,1,2025,5.4,3.1,4.0,D
1435,2500688,251OOP3,1,2025,7.1,7.8,7.5,B
1436,2500601,251AI2,1,2025,9.4,5.3,6.9,C
1437,2500388,251ML3,1,2025,5.3,3.6,4.3,D
1438,2500714,251DB1,1,2025,5.1,3.7,4.3,D
1439,2500041,251DS3,1,2025,3.0,5.7,4.6,D
1440,2500540,251DM3,1,2025,6.7,4.8,5.6,C
1441,2500628,251DS1,1,2025,6.0,9.4,8.0,B
1442,2500937,251CN3,1,2025,6.7,6.4,6.5,C
1443,2500679,251CN1,1,2025,6.3,5.0,5.5,C
1444,2500593,251DM1,1,2025,7.4,4.8,5.8,C
1445,2500905,251WP1,1,2025,6.1,3.8,4.7,D
1446,2500585,251DM1,1,2025,6.4,8.5,7.7,B
1447,2500309,251CN1,1,2025,9.1,5.8,7.1,B
1448,2500600,251ML3,1,2025,3.4,6.4,5.2,D
1449,2500736,251SE1,1,2025,8.4,8.6,8.5,A
1450,2500128,251CN2,1,2025,8.9,6.6,7.5,B
1451,2500540,251ML3,1,2025,3.6,3.4,3.5,F
1452,2500508,251AI1,1,2025,5.1,5.2,5.2,D
1453,2500021,251SE2,1,2025,9.4,4.3,6.3,C
1454,2500673,251WP1,1,2025,7.3,6.7,6.9,C
1455,2500565,251SE3,1,2025,8.2,6.5,7.2,B
1456,2500565,251SE1,1,2025,9.1,8.9,9.0,A
1457,2500730,251DS3,1,2025,9.9,5.9,7.5,B
1458,2500251,251CN3,1,2025,3.0,4.6,4.0,D
1459,2500669,251DB2,1,2025,8.6,7.1,7.7,B
1460,2500794,251SE3,1,2025,3.7,6.8,5.6,C
1461,2500953,251WP2,1,2025,6.6,3.5,4.7,D
1462,2500186,251DB2,1,2025,8.3,8.3,8.3,B
1463,2500759,251OOP1,1,2025,8.3,7.1,7.6,B
1464,2500019,251DS1,1,2025,7.2,4.3,5.5,C
1465,2500622,251ML1,1,2025,3.5,6.1,5.1,D
1466,2500973,251OS3,1,2025,4.4,4.2,4.3,D
1467,2500597,251DM1,1,2025,7.8,3.1,5.0,D
1468,2500784,251WP1,1,2025,5.6,9.5,7.9,B
1469,2500698,251DS2,1,2025,4.2,5.5,5.0,D
1470,2500267,251DM2,1,2025,3.2,5.6,4.6,D
1471,2500032,251AI2,1,2025,6.9,9.0,8.2,B
1472,2500935,251DM3,1,2025,5.5,3.8,4.5,D
1473,2500637,251WP1,1,2025,7.5,3.1,4.9,D
1474,2500089,251DM1,1,2025,8.5,3.4,5.4,D
1475,2500296,251WP2,1,2025,3.6,4.0,3.8,F
1476,2500152,251OOP2,1,2025,7.9,9.0,8.6,A
1477,2500716,251SE1,1,2025,5.8,5.2,5.4,D
1478,2500111,251DS3,1,2025,6.4,3.9,4.9,D
1479,2500601,251DB1,1,2025,9.7,9.3,9.5,A
1480,2500228,251DM1,1,2025,3.6,4.4,4.1,D
1481,2500559,251SE2,1,2025,9.0,8.3,8.6,A
1482,2500179,251AI2,1,2025,7.4,4.6,5.7,C
1483,2500887,251AI1,1,2025,5.5,9.7,8.0,B
1484,2500290,251OOP2,1,2025,5.6,3.3,4.2,D
1485,2500095,251DS3,1,2025,6.6,8.1,7.5,B
1486,2500467,251DS3,1,2025,8.1,6.7,7.3,B
1487,2500396,251AI1,1,2025,9.6,3.4,5.9,C
1488,2500921,251DB1,1,2025,4.5,4.1,4.3,D
1489,2500186,251ML3,1,2025,6.4,5.9,6.1,C
1490,2500159,251AI3,1,2025,8.4,7.8,8.0,B
1491,2500639,251AI3,1,2025,7.2,8.2,7.8,B
1492,2500279,251AI2,1,2025,9.6,9.5,9.5,A
1493,2500581,251OOP1,1,2025,3.5,4.1,3.9,F
1494,2500615,251OOP3,1,2025,6.8,3.1,4.6,D
1495,2500557,251DM3,1,2025,7.4,9.5,8.7,A
1496,2500878,251OS1,1,2025,5.6,8.2,7.2,B
1497,2500664,251OOP3,1,2025,4.1,5.4,4.9,D
1498,2500964,251DB3,1,2025,4.2,6.5,5.6,C
1499,2500971,251DM3,1,2025,4.7,6.9,6.0,C
1500,2500204,251ML3,1,2025,4.2,8.4,6.7,C
1501,2500795,251SE2,1,2025,7.8,8.4,8.2,B
1502,2500738,251AI2,1,2025,3.2,9.6,7.0,B
1503,2500241,251SE3,1,2025,4.7,6.9,6.0,C
1504,2500174,251SE2,1,2025,9.7,5.3,7.1,B
1505,2500159,251DM3,1,2025,4.8,5.3,5.1,D
1506,2500323,251SE2,1,2025,4.8,6.0,5.5,C
1507,2500896,251OS2,1,2025,8.3,8.8,8.6,A
1508,2500820,251WP3,1,2025,3.1,7.3,5.6,C
1509,2500253,251ML3,1,2025,7.5,3.7,5.2,D
1510,2500677,251CN3,1,2025,8.7,4.1,5.9,C
1511,2500406,251OOP1,1,2025,4.6,4.3,4.4,D
1512,2500813,251AI1,1,2025,8.7,3.3,5.5,C
1513,2500075,251CN1,1,2025,3.3,5.8,4.8,D
1514,2500605,251OS1,1,2025,5.5,6.6,6.2,C
1515,2500968,251WP1,1,2025,9.7,7.2,8.2,B
1516,2500453,251OOP2,1,2025,5.0,4.6,4.8,D
1517,2500575,251CN2,1,2025,9.4,5.5,7.1,B
1518,2500682,251OOP1,1,2025,5.7,7.7,6.9,C
1519,2500530,251OS3,1,2025,8.1,6.1,6.9,C
1520,2500944,251OS1,1,2025,9.4,5.2,6.9,C
1521,2500764,251DB2,1,2025,7.8,8.4,8.2,B
1522,2500099,251SE3,1,2025,3.7,9.1,6.9,C
1523,2500449,251AI2,1,2025,6.1,7.3,6.8,C
1524,2500842,251AI3,1,2025,3.3,7.2,5.6,C
1525,2500738,251DB1,1,2025,4.6,5.4,5.1,D
1526,2500691,251OOP1,1,2025,8.0,9.2,8.7,A
1527,2500783,251AI1,1,2025,5.0,3.7,4.2,D
1528,2500345,251DB1,1,2025,6.4,9.0,8.0,B
1529,2500408,251OOP1,1,2025,9.7,7.9,8.6,A
1530,2500431,251DS2,1,2025,8.7,8.9,8.8,A
1531,2500136,251DB1,1,2025,9.6,6.6,7.8,B
1532,2500823,251OOP2,1,2025,9.5,5.4,7.0,B
1533,2500917,251ML1,1,2025,4.4,3.1,3.6,F
1534,2500582,251WP1,1,2025,3.6,3.0,3.2,F
1535,2500378,251DB1,1,2025,4.2,8.6,6.8,C
1536,2500368,251CN1,1,2025,4.1,9.3,7.2,B
1537,2500749,251SE2,1,2025,3.5,5.3,4.6,D
1538,2500515,251SE1,1,2025,8.2,8.5,8.4,B
1539,2500321,251OOP3,1,2025,7.3,9.6,8.7,A
1540,2500107,251ML3,1,2025,5.6,3.9,4.6,D
1541,2500883,251DB1,1,2025,9.4,4.2,6.3,C
1542,2500762,251SE3,1,2025,5.3,3.9,4.5,D
1543,2500607,251OOP1,1,2025,3.8,4.4,4.2,D
1544,2500066,251DS1,1,2025,3.7,5.5,4.8,D
1545,2500182,251AI3,1,2025,8.5,9.8,9.3,A
1546,2500950,251AI2,1,2025,5.4,3.1,4.0,D
1547,2500787,251DB3,1,2025,9.9,4.0,6.4,C
1548,2500329,251SE2,1,2025,4.1,4.8,4.5,D
1549,2500871,251WP3,1,2025,5.2,6.2,5.8,C
1550,2500403,251AI1,1,2025,8.6,8.4,8.5,A
1551,2500089,251OS2,1,2025,4.1,3.5,3.7,F
1552,2500348,251WP2,1,2025,7.6,9.7,8.9,A
1553,2500206,251DS1,1,2025,5.1,9.7,7.9,B
1554,2500834,251ML2,1,2025,5.8,7.5,6.8,C
1555,2500660,251DM2,1,2025,6.2,4.7,5.3,D
1556,2500978,251SE3,1,2025,6.2,3.1,4.3,D
1557,2500455,251DB1,1,2025,9.0,8.4,8.6,A
1558,2500215,251DB2,1,2025,6.3,3.4,4.6,D
1559,2500151,251WP3,1,2025,9.5,8.6,9.0,A
1560,2500042,251DS3,1,2025,8.3,4.0,5.7,C
1561,2500032,251SE1,1,2025,8.8,3.0,5.3,D
1562,2500129,251CN1,1,2025,9.9,9.8,9.8,A
1563,2500589,251OS3,1,2025,8.6,7.9,8.2,B
1564,2500016,251DB3,1,2025,7.4,6.5,6.9,C
1565,2500364,251CN2,1,2025,6.7,9.2,8.2,B
1566,2500691,251OS1,1,2025,7.8,6.9,7.3,B
1567,2500529,251CN3,1,2025,4.2,5.1,4.7,D
1568,2500602,251AI2,1,2025,4.6,5.0,4.8,D
1569,2500599,251OOP2,1,2025,9.4,9.6,9.5,A
1570,2500037,251OOP3,1,2025,6.6,8.3,7.6,B
1571,2500029,251OS1,1,2025,8.9,6.1,7.2,B
1572,2500897,251OS3,1,2025,5.2,4.1,4.5,D
1573,2500889,251SE3,1,2025,9.1,7.5,8.1,B
1574,2500749,251DS2,1,2025,3.4,9.9,7.3,B
1575,2500627,251OS1,1,2025,9.0,6.8,7.7,B
1576,2500200,251CN3,1,2025,7.2,8.4,7.9,B
1577,2500902,251CN2,1,2025,5.5,5.2,5.3,D
1578,2500468,251OOP3,1,2025,9.9,5.2,7.1,B
1579,2500930,251OS1,1,2025,8.5,4.7,6.2,C
1580,2500961,251SE1,1,2025,4.1,4.9,4.6,D
1581,2500383,251OOP1,1,2025,3.3,5.1,4.4,D
1582,2500567,251AI1,1,2025,5.2,4.8,5.0,D
1583,2500822,251AI2,1,2025,6.7,4.6,5.4,D
1584,2500471,251OS2,1,2025,4.9,9.0,7.4,B
1585,2500723,251AI1,1,2025,7.1,3.6,5.0,D
1586,2500606,251CN3,1,2025,8.4,4.1,5.8,C
1587,2500881,251OOP3,1,2025,9.6,10.0,9.8,A
1588,2500535,251DM3,1,2025,3.7,9.2,7.0,B
1589,2500262,251SE1,1,2025,4.8,4.2,4.4,D
1590,2500260,251WP2,1,2025,7.0,6.4,6.6,C
1591,2500646,251WP1,1,2025,6.0,9.6,8.2,B
1592,2500034,251AI3,1,2025,8.5,4.2,5.9,C
1593,2500574,251AI1,1,2025,9.5,9.7,9.6,A
1594,2500562,251OS3,1,2025,5.5,9.6,8.0,B
1595,2500631,251WP1,1,2025,5.0,9.3,7.6,B
1596,2500038,251OOP2,1,2025,6.9,3.9,5.1,D
1597,2500872,251SE1,1,2025,5.2,6.0,5.7,C
1598,2500223,251OS3,1,2025,7.8,9.1,8.6,A
1599,2500916,251OOP2,1,2025,3.9,6.9,5.7,C
1600,2500272,251OOP2,1,2025,8.8,4.0,5.9,C
1601,2500731,251ML2,1,2025,4.6,7.6,6.4,C
1602,2500655,251OS1,1,2025,5.3,7.4,6.6,C
1603,2500503,251DM3,1,2025,7.6,3.0,4.8,D
1604,2500736,251CN3,1,2025,9.7,3.0,5.7,C
1605,2500022,251ML1,1,2025,9.8,5.5,7.2,B
1606,2500101,251DS1,1,2025,3.2,7.9,6.0,C
1607,2500029,251DB3,1,2025,9.5,6.6,7.8,B
1608,2500844,251DB2,1,2025,9.2,3.4,5.7,C
1609,2500076,251SE3,1,2025,7.0,5.7,6.2,C
1610,2500593,251CN1,1,2025,7.3,6.6,6.9,C
1611,2500145,251DS3,1,2025,4.6,7.1,6.1,C
1612,2500699,251CN2,1,2025,8.8,7.8,8.2,B
1613,2500720,251DM1,1,2025,6.1,8.3,7.4,B
1614,2500087,251OOP1,1,2025,5.4,4.3,4.7,D
1615,2500649,251DS3,1,2025,5.9,5.9,5.9,C
1616,2500509,251CN2,1,2025,8.9,8.8,8.8,A
1617,2500309,251DS2,1,2025,8.9,8.7,8.8,A
1618,2500096,251OOP2,1,2025,3.3,6.9,5.5,C
1619,2500084,251SE1,1,2025,8.7,4.4,6.1,C
1620,2500324,251CN2,1,2025,9.7,3.2,5.8,C
1621,2500396,251DS1,1,2025,5.1,4.9,5.0,D
1622,2500892,251SE2,1,2025,4.3,3.1,3.6,F
1623,2500713,251ML1,1,2025,9.1,5.5,6.9,C
1624,2500048,251DB3,1,2025,4.1,4.8,4.5,D
1625,2500257,251WP1,1,2025,8.9,9.9,9.5,A
1626,2500805,251DM2,1,2025,7.4,5.5,6.3,C
1627,2500353,251SE3,1,2025,9.7,7.9,8.6,A
1628,2500250,251OS1,1,2025,7.4,8.1,7.8,B
1629,2500203,251CN2,1,2025,8.3,7.3,7.7,B
1630,2500525,251OOP3,1,2025,3.5,6.8,5.5,C
1631,2500358,251DS3,1,2025,3.8,4.9,4.5,D
1632,2500231,251AI3,1,2025,4.0,3.2,3.5,F
1633,2500084,251SE2,1,2025,6.0,8.2,7.3,B
1634,2500365,251WP3,1,2025,7.8,4.8,6.0,C
1635,2500778,251OOP1,1,2025,6.1,3.3,4.4,D
1636,2500262,251DS1,1,2025,5.9,9.8,8.2,B
1637,2500596,251OOP1,1,2025,3.1,6.8,5.3,D
1638,2500535,251OOP2,1,2025,8.7,3.1,5.3,D
1639,2500714,251ML1,1,2025,5.7,7.3,6.7,C
1640,2500257,251SE2,1,2025,5.4,6.5,6.1,C
1641,2500844,251AI3,1,2025,3.8,4.3,4.1,D
1642,2500916,251WP1,1,2025,4.0,5.5,4.9,D
1643,2500660,251CN2,1,2025,10.0,10.0,10.0,A
1644,2500756,251ML2,1,2025,9.0,5.9,7.1,B
1645,2500618,251OS1,1,2025,7.3,4.0,5.3,D
1646,2500579,251OS3,1,2025,8.8,9.9,9.5,A
1647,2500785,251DB3,1,2025,4.4,5.5,5.1,D
1648,2500363,251CN1,1,2025,7.4,8.6,8.1,B
1649,2500657,251OS2,1,2025,9.5,3.4,5.8,C
1650,2500643,251SE1,1,2025,6.7,7.3,7.1,B
1651,2500170,251CN3,1,2025,7.0,8.3,7.8,B
1652,2500936,251DM2,1,2025,9.8,7.4,8.4,B
1653,2500570,251OOP2,1,2025,6.3,10.0,8.5,A
1654,2500156,251DM2,1,2025,8.4,3.4,5.4,D
1655,2500173,251AI1,1,2025,6.0,4.1,4.9,D
1656,2500383,251DS2,1,2025,6.8,4.3,5.3,D
1657,2500937,251DS1,1,2025,4.5,7.9,6.5,C
1658,2500695,251WP2,1,2025,8.7,4.6,6.2,C
1659,2500337,251DB2,1,2025,5.6,7.2,6.6,C
1660,2500027,251SE3,1,2025,7.6,5.6,6.4,C
1661,2500339,251DM1,1,2025,8.8,3.0,5.3,D
1662,2500015,251DM2,1,2025,4.4,8.1,6.6,C
1663,2500680,251DB1,1,2025,4.1,4.1,4.1,D
1664,2500050,251AI2,1,2025,6.4,3.5,4.7,D
1665,2500868,251DB1,1,2025,7.2,5.8,6.4,C
1666,2500913,251SE2,1,2025,3.1,4.2,3.8,F
1667,2500096,251AI2,1,2025,7.1,5.8,6.3,C
1668,2500342,251CN1,1,2025,4.7,7.0,6.1,C
1669,2500965,251CN2,1,2025,8.0,6.2,6.9,C
1670,2500526,251ML3,1,2025,8.0,5.5,6.5,C
1671,2500757,251AI2,1,2025,4.4,7.4,6.2,C
1672,2500453,251OS2,1,2025,9.8,4.2,6.4,C
1673,2500401,251ML3,1,2025,7.2,7.8,7.6,B
1674,2500173,251CN3,1,2025,4.2,8.4,6.7,C
1675,2500829,251DM3,1,2025,5.1,9.4,7.7,B
1676,2500100,251WP2,1,2025,4.3,4.9,4.7,D
1677,2500277,251ML3,1,2025,9.0,5.9,7.1,B
1678,2500931,251ML1,1,2025,4.6,8.2,6.8,C
1679,2500555,251DS3,1,2025,7.6,7.7,7.7,B
1680,2500944,251OOP3,1,2025,3.1,9.5,6.9,C
1681,2500837,251OOP3,1,2025,5.2,3.4,4.1,D
1682,2500007,251DM1,1,2025,9.2,4.9,6.6,C
1683,2500319,251CN1,1,2025,9.3,9.3,9.3,A
1684,2500680,251OOP3,1,2025,3.7,8.1,6.3,C
1685,2500017,251OOP1,1,2025,4.0,8.1,6.5,C
1686,2500538,251DM2,1,2025,5.6,3.2,4.2,D
1687,2500410,251AI2,1,2025,9.6,4.4,6.5,C
1688,2500566,251DM1,1,2025,7.7,3.8,5.4,D
1689,2500270,251CN3,1,2025,9.4,4.8,6.6,C
1690,2500088,251OOP1,1,2025,3.5,4.8,4.3,D
1691,2500048,251SE1,1,2025,6.2,9.5,8.2,B
1692,2500247,251DB3,1,2025,4.8,4.0,4.3,D
1693,2500934,251OOP3,1,2025,5.0,9.2,7.5,B
1694,2500627,251DM2,1,2025,7.5,4.4,5.6,C
1695,2500210,251DB2,1,2025,8.7,4.0,5.9,C
1696,2500377,251CN1,1,2025,7.6,8.9,8.4,B
1697,2500752,251WP3,1,2025,4.7,9.4,7.5,B
1698,2500199,251OS2,1,2025,8.6,9.0,8.8,A
1699,2500056,251DM3,1,2025,7.0,7.9,7.5,B
1700,2500430,251DB3,1,2025,3.1,5.0,4.2,D
1701,2500346,251CN1,1,2025,3.2,6.5,5.2,D
1702,2500176,251WP2,1,2025,8.9,7.5,8.1,B
1703,2500570,251OOP3,1,2025,9.8,8.1,8.8,A
1704,2500483,251AI1,1,2025,3.1,7.6,5.8,C
1705,2500096,251SE3,1,2025,9.0,3.2,5.5,C
1706,2500573,251OOP3,1,2025,3.5,7.7,6.0,C
1707,2500687,251AI1,1,2025,8.9,3.2,5.5,C
1708,2500324,251OOP3,1,2025,8.9,7.5,8.1,B
1709,2500851,251CN1,1,2025,8.8,10.0,9.5,A
1710,2500587,251DB3,1,2025,9.6,9.6,9.6,A
1711,2500928,251WP2,1,2025,8.0,7.6,7.8,B
1712,2500167,251OOP1,1,2025,9.8,6.1,7.6,B
1713,2500475,251OOP2,1,2025,7.1,6.6,6.8,C
1714,2500475,251DM2,1,2025,6.5,5.8,6.1,C
1715,2500968,251AI1,1,2025,5.7,7.7,6.9,C
1716,2500477,251AI2,1,2025,7.3,5.4,6.2,C
1717,2500976,251ML1,1,2025,7.4,4.3,5.5,C
1718,2500255,251DS2,1,2025,10.0,8.1,8.9,A
1719,2500680,251OOP2,1,2025,7.8,6.3,6.9,C
1720,2500179,251OOP1,1,2025,4.8,4.1,4.4,D
1721,2500242,251SE2,1,2025,8.6,6.4,7.3,B
1722,2500847,251OOP3,1,2025,7.3,3.8,5.2,D
1723,2500166,251DB3,1,2025,3.9,5.3,4.7,D
1724,2500739,251AI1,1,2025,8.1,3.5,5.3,D
1725,2500683,251CN2,1,2025,9.6,5.4,7.1,B
1726,2500064,251OS1,1,2025,3.3,9.3,6.9,C
1727,2500337,251DS3,1,2025,6.2,8.4,7.5,B
1728,2500488,251ML2,1,2025,9.2,4.1,6.1,C
1729,2500401,251DB2,1,2025,8.6,9.5,9.1,A
1730,2500214,251OS2,1,2025,4.9,6.2,5.7,C
1731,2500256,251DS3,1,2025,3.1,4.6,4.0,D
1732,2500979,251SE1,1,2025,6.1,9.5,8.1,B
1733,2500841,251SE1,1,2025,7.7,5.1,6.1,C
1734,2500261,251OOP1,1,2025,8.2,4.9,6.2,C
1735,2500694,251ML1,1,2025,9.1,6.6,7.6,B
1736,2500963,251ML2,1,2025,5.7,9.8,8.2,B
1737,2500771,251DB3,1,2025,3.5,8.5,6.5,C
1738,2500025,251DS3,1,2025,4.5,4.0,4.2,D
1739,2500639,251AI2,1,2025,6.7,6.7,6.7,C
1740,2500432,251DB2,1,2025,5.0,7.7,6.6,C
1741,2500578,251DM3,1,2025,4.4,8.7,7.0,B
1742,2500678,251DM3,1,2025,3.0,8.9,6.5,C
1743,2500591,251WP2,1,2025,3.9,8.2,6.5,C
1744,2500593,251WP2,1,2025,7.2,4.1,5.3,D
1745,2500023,251OS2,1,2025,4.5,9.2,7.3,B
1746,2500575,251DM3,1,2025,7.3,9.2,8.4,B
1747,2500429,251SE2,1,2025,6.0,9.3,8.0,B
1748,2500297,251DS1,1,2025,7.9,7.8,7.8,B
1749,2500233,251SE1,1,2025,3.9,5.4,4.8,D
1750,2500794,251ML2,1,2025,4.4,4.3,4.3,D
1751,2500773,251DM2,1,2025,3.4,5.8,4.8,D
1752,2500848,251ML1,1,2025,8.6,8.7,8.7,A
1753,2500479,251CN2,1,2025,4.5,5.2,4.9,D
1754,2500302,251AI1,1,2025,4.2,9.3,7.3,B
1755,2500395,251WP2,1,2025,3.9,5.9,5.1,D
1756,2500227,251OS1,1,2025,3.4,5.2,4.5,D
1757,2500721,251ML2,1,2025,6.0,4.5,5.1,D
1758,2500091,251ML3,1,2025,3.7,6.8,5.6,C
1759,2500152,251SE2,1,2025,4.9,8.2,6.9,C
1760,2500773,251AI1,1,2025,6.8,7.4,7.2,B
1761,2500940,251SE1,1,2025,3.1,4.3,3.8,F
1762,2500272,251ML1,1,2025,3.3,5.2,4.4,D
1763,2500611,251DS2,1,2025,7.8,9.1,8.6,A
1764,2500945,251DB2,1,2025,4.8,9.9,7.9,B
1765,2500739,251ML1,1,2025,8.1,9.4,8.9,A
1766,2500191,251CN3,1,2025,7.8,9.9,9.1,A
1767,2500681,251SE2,1,2025,4.0,5.1,4.7,D
1768,2500330,251WP2,1,2025,4.2,7.8,6.4,C
1769,2500859,251OOP2,1,2025,4.9,9.9,7.9,B
1770,2500619,251WP3,1,2025,9.3,8.3,8.7,A
1771,2500796,251DB3,1,2025,5.7,6.7,6.3,C
1772,2500254,251OS1,1,2025,4.0,6.7,5.6,C
1773,2500228,251DS1,1,2025,9.5,5.8,7.3,B
1774,2500935,251DS3,1,2025,6.3,8.6,7.7,B
1775,2500328,251DM2,1,2025,7.0,7.3,7.2,B
1776,2500562,251DM2,1,2025,6.6,6.9,6.8,C
1777,2500267,251OOP1,1,2025,5.3,8.7,7.3,B
1778,2500749,251OS1,1,2025,4.3,6.7,5.7,C
1779,2500270,251OS3,1,2025,3.1,6.4,5.1,D
1780,2500047,251DM3,1,2025,3.1,6.2,5.0,D
1781,2500338,251AI3,1,2025,7.5,6.7,7.0,B
1782,2500644,251DB2,1,2025,7.6,7.0,7.2,B
1783,2500409,251AI2,1,2025,7.5,7.6,7.6,B
1784,2500034,251OS1,1,2025,6.8,9.9,8.7,A
1785,2500892,251DM2,1,2025,7.3,3.5,5.0,D
1786,2500306,251WP2,1,2025,5.4,8.3,7.1,B
1787,2500820,251CN3,1,2025,6.3,3.5,4.6,D
1788,2500836,251ML2,1,2025,6.9,6.5,6.7,C
1789,2500699,251DS3,1,2025,6.6,7.2,7.0,B
1790,2500865,251CN1,1,2025,7.5,3.4,5.0,D
1791,2500451,251OOP1,1,2025,8.9,8.8,8.8,A
1792,2500703,251WP1,1,2025,3.2,3.8,3.6,F
1793,2500050,251SE2,1,2025,4.1,6.8,5.7,C
1794,2500086,251ML1,1,2025,9.4,8.9,9.1,A
1795,2500711,251CN3,1,2025,5.9,4.9,5.3,D
1796,2500627,251DM3,1,2025,9.8,8.9,9.3,A
1797,2500543,251DB3,1,2025,7.7,9.5,8.8,A
1798,2500985,251CN3,1,2025,5.4,4.9,5.1,D
1799,2500696,251DB1,1,2025,7.8,3.8,5.4,D
1800,2500030,251SE1,1,2025,8.0,7.9,7.9,B
1801,2500870,251DS3,1,2025,3.7,7.5,6.0,C
1802,2500126,251CN1,1,2025,4.5,7.5,6.3,C
1803,2500352,251DM3,1,2025,4.5,3.9,4.1,D
1804,2500423,251SE2,1,2025,4.9,3.3,3.9,F
1805,2500332,251OS3,1,2025,8.6,8.6,8.6,A
1806,2500962,251CN2,1,2025,5.3,8.8,7.4,B
1807,2500672,251OOP1,1,2025,5.5,4.2,4.7,D
1808,2500116,251DS3,1,2025,6.2,8.0,7.3,B
1809,2500043,251CN3,1,2025,4.4,5.5,5.1,D
1810,2500293,251CN2,1,2025,4.4,8.1,6.6,C
1811,2500754,251AI2,1,2025,9.6,5.8,7.3,B
1812,2500957,251DS2,1,2025,7.9,7.1,7.4,B
1813,2500168,251DS3,1,2025,9.8,6.9,8.1,B
1814,2500712,251SE3,1,2025,6.3,8.9,7.9,B
1815,2500946,251SE1,1,2025,5.6,8.4,7.3,B
1816,2500120,251DM1,1,2025,3.2,7.7,5.9,C
1817,2500305,251DB3,1,2025,8.2,4.5,6.0,C
1818,2500892,251DB2,1,2025,4.3,5.8,5.2,D
1819,2500514,251CN2,1,2025,6.3,5.9,6.1,C
1820,2500151,251SE2,1,2025,3.4,3.5,3.5,F
1821,2500394,251DS3,1,2025,5.0,9.5,7.7,B
1822,2500408,251OOP3,1,2025,8.7,7.0,7.7,B
1823,2500161,251DS2,1,2025,8.2,5.5,6.6,C
1824,2500590,251DM3,1,2025,3.6,4.4,4.1,D
1825,2500480,251OS2,1,2025,8.3,6.7,7.3,B
1826,2500747,251OOP2,1,2025,9.6,6.6,7.8,B
1827,2500611,251AI3,1,2025,7.6,5.2,6.2,C
1828,2500702,251ML1,1,2025,4.1,4.6,4.4,D
1829,2500271,251CN1,1,2025,4.6,9.2,7.4,B
1830,2500098,251DS1,1,2025,6.1,5.8,5.9,C
1831,2500794,251DB3,1,2025,7.2,3.5,5.0,D
1832,2500616,251DS2,1,2025,3.5,5.8,4.9,D
1833,2500588,251OOP1,1,2025,8.8,6.3,7.3,B
1834,2500120,251OOP2,1,2025,5.4,9.6,7.9,B
1835,2500707,251DM1,1,2025,7.0,8.4,7.8,B
1836,2500718,251CN3,1,2025,3.9,4.0,4.0,D
1837,2500488,251OS2,1,2025,5.1,6.5,5.9,C
1838,2500327,251OS1,1,2025,8.7,8.3,8.5,A
1839,2500585,251OS3,1,2025,9.5,9.6,9.6,A
1840,2500961,251AI1,1,2025,7.7,5.8,6.6,C
1841,2500351,251SE1,1,2025,3.5,9.2,6.9,C
1842,2500078,251OOP3,1,2025,3.6,7.9,6.2,C
1843,2500827,251DB1,1,2025,4.6,6.7,5.9,C
1844,2500955,251WP1,1,2025,7.5,7.4,7.4,B
1845,2500344,251DM2,1,2025,6.5,3.1,4.5,D
1846,2500317,251OS1,1,2025,4.4,8.3,6.7,C
1847,2500939,251CN2,1,2025,3.5,3.5,3.5,F
1848,2500886,251DM2,1,2025,6.3,9.0,7.9,B
1849,2500592,251SE1,1,2025,4.5,4.8,4.7,D
1850,2500784,251AI2,1,2025,5.6,3.7,4.5,D
1851,2500473,251DM3,1,2025,6.9,8.4,7.8,B
1852,2500112,251OS3,1,2025,7.8,3.3,5.1,D
1853,2500499,251WP2,1,2025,7.5,3.3,5.0,D
1854,2500318,251OOP3,1,2025,6.1,3.3,4.4,D
1855,2500303,251ML3,1,2025,4.5,6.3,5.6,C
1856,2500971,251WP3,1,2025,5.4,6.2,5.9,C
1857,2500467,251SE3,1,2025,6.4,3.5,4.7,D
1858,2500396,251SE1,1,2025,6.8,4.6,5.5,C
1859,2500081,251DB1,1,2025,3.7,7.6,6.0,C
1860,2500233,251CN3,1,2025,7.9,4.3,5.7,C
1861,2500435,251WP1,1,2025,6.7,7.4,7.1,B
1862,2500220,251DS1,1,2025,9.5,8.1,8.7,A
1863,2500101,251ML3,1,2025,6.5,4.2,5.1,D
1864,2500309,251OS3,1,2025,7.8,7.3,7.5,B
1865,2500764,251OS1,1,2025,8.0,4.1,5.7,C
1866,2500274,251DB1,1,2025,8.9,4.2,6.1,C
1867,2500473,251DB1,1,2025,6.9,9.6,8.5,A
1868,2500400,251SE2,1,2025,4.6,8.8,7.1,B
1869,2500127,251OS1,1,2025,4.4,7.6,6.3,C
1870,2500685,251DM2,1,2025,3.7,7.1,5.7,C
1871,2500228,251ML2,1,2025,4.5,9.8,7.7,B
1872,2500628,251ML1,1,2025,4.9,9.6,7.7,B
1873,2500497,251AI3,1,2025,6.3,3.9,4.9,D
1874,2500849,251DM1,1,2025,7.0,7.7,7.4,B
1875,2500463,251DS3,1,2025,6.8,5.2,5.8,C
1876,2500617,251WP2,1,2025,8.9,4.4,6.2,C
1877,2500235,251SE3,1,2025,6.7,3.4,4.7,D
1878,2500275,251OOP3,1,2025,5.0,4.8,4.9,D
1879,2500502,251ML2,1,2025,6.7,8.4,7.7,B
1880,2500192,251DB2,1,2025,6.5,9.7,8.4,B
1881,2500342,251WP1,1,2025,6.3,6.3,6.3,C
1882,2500613,251CN2,1,2025,6.5,8.5,7.7,B
1883,2500216,251DS2,1,2025,7.7,9.7,8.9,A
1884,2500965,251WP1,1,2025,6.3,4.0,4.9,D
1885,2500615,251CN3,1,2025,8.6,7.3,7.8,B
1886,2500719,251DB2,1,2025,8.5,6.6,7.4,B
1887,2500908,251ML3,1,2025,7.7,9.0,8.5,A
1888,2500604,251OOP1,1,2025,4.1,6.6,5.6,C
1889,2500054,251DB2,1,2025,6.2,3.3,4.5,D
1890,2500091,251DM2,1,2025,6.3,5.7,5.9,C
1891,2500813,251OS3,1,2025,8.0,7.7,7.8,B
1892,2500926,251DB1,1,2025,9.2,7.9,8.4,B
1893,2500507,251ML1,1,2025,5.1,5.6,5.4,D
1894,2500028,251DS2,1,2025,7.7,8.8,8.4,B
1895,2500067,251DS2,1,2025,7.3,4.4,5.6,C
1896,2500073,251SE3,1,2025,3.4,8.0,6.2,C
1897,2500879,251OS1,1,2025,4.7,10.0,7.9,B
1898,2500089,251ML3,1,2025,6.4,9.7,8.4,B
1899,2500943,251DM1,1,2025,8.2,8.8,8.6,A
1900,2500176,251DM2,1,2025,6.6,6.4,6.5,C
1901,2500820,251CN1,1,2025,5.8,4.7,5.1,D
1902,2500282,251DB3,1,2025,6.4,8.3,7.5,B
1903,2500509,251OOP3,1,2025,3.8,3.4,3.6,F
1904,2500408,251DM2,1,2025,4.0,8.2,6.5,C
1905,2500669,251ML1,1,2025,6.4,6.9,6.7,C
1906,2500336,251WP1,1,2025,3.2,5.2,4.4,D
1907,2500011,251OOP3,1,2025,9.7,4.7,6.7,C
1908,2500843,251AI1,1,2025,7.0,9.2,8.3,B
1909,2500701,251SE3,1,2025,5.7,4.8,5.2,D
1910,2500504,251SE3,1,2025,6.1,3.0,4.2,D
1911,2500619,251DS3,1,2025,5.3,3.5,4.2,D
1912,2500908,251WP2,1,2025,3.7,9.0,6.9,C
1913,2500750,251SE2,1,2025,10.0,7.6,8.6,A
1914,2500245,251DM2,1,2025,6.3,5.6,5.9,C
1915,2500270,251DS1,1,2025,5.4,8.3,7.1,B
1916,2500194,251AI2,1,2025,8.3,5.1,6.4,C
1917,2500668,251ML3,1,2025,7.0,4.5,5.5,C
1918,2500285,251DM3,1,2025,5.1,8.7,7.3,B
1919,2500667,251DS3,1,2025,3.8,4.6,4.3,D
1920,2500806,251OOP3,1,2025,9.0,8.8,8.9,A
1921,2500169,251SE2,1,2025,4.1,3.2,3.6,F
1922,2500213,251SE2,1,2025,5.4,7.3,6.5,C
1923,2500504,251WP1,1,2025,4.2,5.9,5.2,D
1924,2500998,251CN1,1,2025,7.1,6.9,7.0,B
1925,2500514,251AI3,1,2025,5.7,9.5,8.0,B
1926,2500170,251ML1,1,2025,5.8,5.5,5.6,C
1927,2500234,251AI1,1,2025,3.6,4.6,4.2,D
1928,2500620,251OS2,1,2025,5.0,5.4,5.2,D
1929,2500527,251WP2,1,2025,7.6,4.8,5.9,C
1930,2500940,251DB3,1,2025,7.0,7.3,7.2,B
1931,2500131,251OOP3,1,2025,7.2,8.6,8.0,B
1932,2500614,251SE3,1,2025,7.9,8.9,8.5,A
1933,2500134,251OS1,1,2025,4.1,7.0,5.8,C
1934,2500491,251OOP1,1,2025,6.4,8.7,7.8,B
1935,2500195,251AI3,1,2025,4.8,7.2,6.2,C
1936,2500915,251CN1,1,2025,3.4,9.9,7.3,B
1937,2500730,251ML3,1,2025,9.7,7.2,8.2,B
1938,2500952,251SE3,1,2025,4.3,8.2,6.6,C
1939,2500942,251DM3,1,2025,6.6,7.2,7.0,B
1940,2500797,251DB1,1,2025,9.0,9.1,9.1,A
1941,2500062,251AI3,1,2025,9.9,7.2,8.3,B
1942,2500446,251WP2,1,2025,9.9,7.8,8.6,A
1943,2500135,251OOP3,1,2025,7.1,5.6,6.2,C
1944,2500339,251SE2,1,2025,7.6,4.5,5.7,C
1945,2500062,251ML2,1,2025,4.7,8.1,6.7,C
1946,2500284,251DB3,1,2025,4.6,7.1,6.1,C
1947,2500849,251SE1,1,2025,6.5,4.4,5.2,D
1948,2500860,251DB3,1,2025,8.7,4.3,6.1,C
1949,2500314,251SE3,1,2025,3.2,6.1,4.9,D
1950,2500232,251CN1,1,2025,7.1,5.5,6.1,C
1951,2500326,251DM1,1,2025,8.6,3.7,5.7,C
1952,2500674,251DS2,1,2025,3.8,5.0,4.5,D
1953,2500112,251CN3,1,2025,3.5,6.1,5.1,D
1954,2500448,251WP3,1,2025,6.0,5.1,5.5,C
1955,2500822,251WP1,1,2025,6.0,8.2,7.3,B
1956,2500216,251ML2,1,2025,9.9,5.3,7.1,B
1957,2500248,251CN3,1,2025,3.6,9.3,7.0,B
1958,2500539,251DB1,1,2025,7.4,6.2,6.7,C
1959,2500321,251CN1,1,2025,5.4,6.3,5.9,C
1960,2500141,251SE2,1,2025,5.5,9.2,7.7,B
1961,2500778,251DB2,1,2025,4.1,5.2,4.8,D
1962,2500177,251OS2,1,2025,9.4,4.7,6.6,C
1963,2500391,251DM2,1,2025,3.9,8.8,6.8,C
1964,2500025,251OS2,1,2025,8.1,4.0,5.6,C
1965,2500385,251WP3,1,2025,8.1,3.3,5.2,D
1966,2500236,251DS2,1,2025,5.4,5.0,5.2,D
1967,2500161,251ML2,1,2025,8.7,5.0,6.5,C
1968,2500560,251WP3,1,2025,8.0,6.5,7.1,B
1969,2500917,251DB1,1,2025,3.0,7.6,5.8,C
1970,2500051,251DB3,1,2025,3.8,8.4,6.6,C
1971,2500979,251DB2,1,2025,9.6,4.9,6.8,C
1972,2500122,251DB1,1,2025,6.6,7.1,6.9,C
1973,2500052,251SE3,1,2025,3.4,6.9,5.5,C
1974,2500709,251OOP2,1,2025,6.8,9.9,8.7,A
1975,2500983,251SE3,1,2025,3.9,9.9,7.5,B
1976,2500309,251AI2,1,2025,4.4,8.5,6.9,C
1977,2500887,251DB3,1,2025,3.1,5.2,4.4,D
1978,2500711,251CN1,1,2025,6.2,3.6,4.6,D
1979,2500788,251WP1,1,2025,9.6,6.2,7.6,B
1980,2500140,251WP3,1,2025,3.4,3.0,3.2,F
1981,2500704,251OS2,1,2025,8.1,9.3,8.8,A
1982,2500906,251OS1,1,2025,6.1,9.1,7.9,B
1983,2500141,251OOP2,1,2025,9.1,3.9,6.0,C
1984,2500481,251WP1,1,2025,4.9,8.0,6.8,C
1985,2500968,251DS3,1,2025,6.0,5.5,5.7,C
1986,2500832,251AI3,1,2025,9.2,7.0,7.9,B
1987,2500022,251OOP2,1,2025,5.9,10.0,8.4,B
1988,2500160,251AI1,1,2025,5.5,3.9,4.5,D
1989,2500363,251WP2,1,2025,8.9,9.9,9.5,A
1990,2500481,251AI2,1,2025,8.5,4.6,6.2,C
1991,2500668,251CN2,1,2025,6.4,8.6,7.7,B
1992,2500764,251WP3,1,2025,6.8,3.2,4.6,D
1993,2500184,251OS3,1,2025,7.1,3.8,5.1,D
1994,2500653,251CN1,1,2025,6.7,7.8,7.4,B
1995,2500504,251DB2,1,2025,7.5,6.3,6.8,C
1996,2500564,251OOP2,1,2025,4.6,3.9,4.2,D
1997,2500452,251OS3,1,2025,8.5,8.1,8.3,B
1998,2500934,251AI3,1,2025,3.4,5.1,4.4,D
1999,2500547,251DS3,1,2025,5.2,7.4,6.5,C
2000,2500072,251AI2,1,2025,9.4,9.3,9.3,A
