StudentID,FirstName,LastName,Gender,DateOfBirth
2500001,Viet,Do,Male,2006-01-24
2500002,Diem,Tran,Male,2007-10-18
2500003,Nhu,Hoang,Male,2007-01-12
2500004,Vinh,Dang,Male,2007-08-29
2500005,Nghi,Dang,Female,2007-03-08
2500006,Quyen,Duong,Male,2007-05-01
2500007,Sy,Duong,Female,2006-09-02
2500008,Ynh,Duong,Female,2007-03-02
2500009,Loan,Ngo,Female,2006-02-01
2500010,Kim,Hoang,Female,2007-02-25
2500011,Loc,Dang,Female,2006-12-02
2500012,Kim,Tran,Male,2006-01-03
2500013,Phi,Tran,Male,2007-08-13
2500014,Y,Ly,Female,2006-07-31
2500015,Linh,Do,Female,2007-03-11
2500016,Phi,Le,Male,2006-07-13
2500017,Nhi,Do,Female,2007-05-31
2500018,Uyen,Duong,Female,2007-07-24
2500019,Xuan,Hoang,Female,2007-10-23
2500020,Manh,Dang,Male,2007-06-12
2500021,Lien,Dang,Female,2007-02-10
2500022,Phat,Ly,Male,2006-05-04
2500023,Phong,Dang,Female,2007-05-07
2500024,My,Le,Male,2006-05-26
2500025,Tung,Ngo,Male,2007-04-18
2500026,Hieu,Dang,Female,2007-02-05
2500027,Ynh,Hoang,Female,2006-01-10
2500028,Diep,Dang,Female,2006-10-18
2500029,Toan,Ly,Female,2007-09-23
2500030,Duong,Pham,Male,2007-03-13
2500031,Lan,Do,Female,2007-08-27
2500032,Oanh,Pham,Male,2006-04-04
2500033,Phuc,Dang,Male,2006-09-21
2500034,Luan,Ngo,Male,2006-08-20
2500035,Phat,Hoang,Male,2006-05-26
2500036,Nhu,Pham,Female,2006-06-27
2500037,Luan,Dang,Female,2007-06-30
2500038,Oanh,Nguyen,Male,2007-12-25
2500039,Manh,Nguyen,Male,2006-03-17
2500040,Manh,Tran,Male,2007-07-01
2500041,Hanh,Dang,Female,2007-08-06
2500042,Son,Ngo,Female,2007-02-15
2500043,Kim,Pham,Female,2006-06-12
2500044,Nghia,Dang,Female,2007-05-29
2500045,Hai,Vo,Female,2007-12-22
2500046,Duong,Duong,Female,2006-02-26
2500047,Thien,Hoang,Female,2006-04-10
2500048,Phong,Ly,Male,2007-12-03
2500049,Xuan,Pham,Male,2006-12-17
2500050,Thuy,Bui,Female,2007-10-21
2500051,Bao Ngoc,Dang,Female,2007-06-11
2500052,Khang,Pham,Male,2007-02-23
2500053,Tay,Le,Female,2006-03-07
2500054,Tuyet,Duong,Male,2007-03-22
2500055,Xuan,Ngo,Male,2006-07-20
2500056,Trinh,Le,Female,2006-02-11
2500057,Lam,Le,Male,2006-05-19
2500058,Bao Chau,Bui,Female,2006-09-07
2500059,Chau,Tran,Male,2007-10-28
2500060,Phu,Vo,Female,2007-09-06
2500061,Khoa,Bui,Male,2007-03-29
2500062,Ngan,Hoang,Male,2006-05-03
2500063,Hiep,Ngo,Male,2007-07-26
2500064,Manh,Ly,Male,2006-05-10
2500065,Phu,Le,Male,2007-06-30
2500066,Thai,Tran,Female,2006-08-10
2500067,Loc,Ngo,Female,2007-09-24
2500068,Linh,Le,Female,2006-09-28
2500069,Tien,Ngo,Male,2006-11-08
2500070,Yen,Duong,Male,2007-04-07
2500071,Hiep,Bui,Male,2007-01-12
2500072,Trang,Ngo,Female,2006-01-26
2500073,Tam,Vo,Female,2007-03-06
2500074,Son,Hoang,Male,2006-02-25
2500075,Ninh,Ngo,Female,2006-12-10
2500076,Thao,Duong,Female,2007-04-25
2500077,Van,Tran,Female,2007-08-14
2500078,Hai,Nguyen,Male,2007-10-27
2500079,Phi,Duong,Male,2006-11-01
2500080,Lan,Bui,Male,2006-06-12
2500081,An,Nguyen,Female,2006-02-03
2500082,Kim,Le,Male,2007-03-07
2500083,Lan,Vo,Male,2006-10-24
2500084,Hoa,Hoang,Female,2007-08-09
2500085,Truc,Duong,Male,2006-05-13
2500086,Cam,Ly,Female,2006-10-08
2500087,Dung,Hoang,Male,2007-09-06
2500088,Trung,Vo,Female,2007-10-11
2500089,Tri,Le,Female,2007-02-06
2500090,Nhuy,Le,Male,2007-08-30
2500091,Tin,Ngo,Male,2007-12-10
2500092,Kien,Nguyen,Male,2007-02-21
2500093,Khanh,Dang,Male,2007-11-22
2500094,Dao,Le,Female,2007-03-12
2500095,Thao,Vo,Male,2006-06-05
2500096,Giang,Duong,Female,2006-02-21
2500097,Han,Nguyen,Male,2007-07-16
2500098,Son,Le,Male,2006-05-24
2500099,Quynh,Pham,Male,2006-04-28
2500100,Lam,Pham,Female,2006-11-29
2500101,Quang,Tran,Male,2007-05-28
2500102,Vinh,Bui,Female,2006-07-17
2500103,Bao Chau,Pham,Male,2007-07-26
2500104,Sy,Tran,Female,2006-09-20
2500105,Van,Hoang,Female,2007-10-14
2500106,Van,Ngo,Female,2006-09-25
2500107,Khoa,Dang,Male,2006-04-05
2500108,Phuong,Ly,Male,2007-07-02
2500109,Dinh,Vo,Male,2006-07-20
2500110,Le,Ngo,Male,2006-07-05
2500111,Kien,Ngo,Male,2006-02-03
2500112,Thuan,Ly,Female,2007-11-26
2500113,My,Hoang,Female,2006-10-28
2500114,Viet,Do,Male,2007-10-29
2500115,Oanh,Nguyen,Male,2006-08-04
2500116,Cong,Dang,Female,2006-01-26
2500117,Thuan,Tran,Male,2006-04-11
2500118,Tay,Ngo,Male,2007-05-21
2500119,Khang,Tran,Male,2007-06-16
2500120,Truc,Dang,Female,2006-06-06
2500121,Thuc,Hoang,Male,2007-09-19
2500122,Mai,Hoang,Female,2007-12-20
2500123,Tay,Ngo,Male,2006-10-11
2500124,Viet,Bui,Female,2006-08-27
2500125,Hoa,Tran,Female,2007-03-21
2500126,Khang,Vo,Male,2006-06-04
2500127,Manh,Pham,Female,2007-08-19
2500128,Nghia,Ly,Male,2006-02-02
2500129,Long,Pham,Male,2007-09-30
2500130,Vinh,Pham,Female,2006-05-21
2500131,Hoa,Pham,Female,2007-08-05
2500132,Hai,Tran,Male,2006-01-02
2500133,Minh,Duong,Male,2006-01-26
2500134,Lan,Tran,Female,2006-01-25
2500135,Phuc,Ly,Male,2006-04-12
2500136,Giang,Hoang,Female,2007-07-23
2500137,Khiet,Ly,Male,2007-08-22
2500138,Ha,Dang,Male,2006-09-12
2500139,Tin,Do,Female,2007-10-30
2500140,Quoc,Dang,Female,2006-03-24
2500141,Han,Hoang,Female,2007-11-17
2500142,Vinh,Ly,Male,2007-10-05
2500143,Quoc,Dang,Male,2007-06-17
2500144,Thuan,Pham,Male,2006-07-29
2500145,Long,Ly,Female,2006-04-12
2500146,Ninh,Tran,Male,2006-04-07
2500147,Thinh,Tran,Female,2007-09-15
2500148,Nghia,Ly,Female,2006-09-26
2500149,Hao,Nguyen,Male,2007-03-05
2500150,Thong,Bui,Male,2006-03-23
2500151,Hanh,Ly,Male,2007-04-25
2500152,Luan,Le,Female,2006-04-03
2500153,Uyen,Tran,Male,2006-02-17
2500154,Manh,Duong,Male,2006-10-31
2500155,Cuong,Nguyen,Male,2006-06-05
2500156,Binh,Ly,Male,2007-11-25
2500157,Binh,Ly,Female,2007-09-20
2500158,Kim,Ly,Female,2006-04-28
2500159,Hiep,Ly,Male,2007-02-21
2500160,Ninh,Bui,Male,2007-02-17
2500161,Trinh,Do,Female,2007-08-19
2500162,Tri,Tran,Male,2006-02-18
2500163,Oanh,Vo,Female,2007-09-13
2500164,Uyen,Bui,Male,2007-05-13
2500165,An,Vo,Male,2006-03-12
2500166,Chi,Duong,Female,2007-02-05
2500167,Nga,Do,Female,2006-08-19
2500168,Sang,Dang,Male,2007-02-01
2500169,Tien,Ly,Female,2007-04-20
2500170,Bao Chau,Dang,Male,2006-11-26
2500171,Uyen,Duong,Female,2007-07-30
2500172,Toan,Vo,Male,2006-08-10
2500173,Quyen,Duong,Male,2006-06-08
2500174,Dung,Duong,Male,2006-10-17
2500175,Ha,Le,Male,2007-06-20
2500176,Han,Do,Female,2007-12-02
2500177,Dinh,Dang,Female,2007-03-27
2500178,Hieu,Ngo,Male,2006-05-04
2500179,Thanh,Dang,Female,2006-05-26
2500180,Hao,Bui,Female,2007-03-01
2500181,Giang,Vo,Male,2007-12-20
2500182,Vi,Le,Male,2006-05-25
2500183,Ninh,Duong,Male,2006-10-21
2500184,Ha,Ngo,Male,2006-12-17
2500185,Khang,Nguyen,Male,2006-04-21
2500186,Tuyet,Pham,Male,2007-04-30
2500187,Nghia,Tran,Female,2007-11-22
2500188,Ninh,Dang,Female,2006-03-22
2500189,Truc,Vo,Female,2007-03-28
2500190,Linh,Ly,Male,2006-08-16
2500191,Cuong,Ly,Female,2007-06-20
2500192,Hao,Nguyen,Female,2007-11-03
2500193,Truc,Dang,Female,2007-05-05
2500194,Hanh,Tran,Male,2006-10-22
2500195,Ha,Tran,Female,2006-11-05
2500196,Kim,Vo,Male,2006-07-11
2500197,Long,Hoang,Female,2007-03-05
2500198,Phuc,Nguyen,Male,2007-09-15
2500199,Van,Duong,Male,2007-11-21
2500200,Phung,Bui,Female,2007-06-20
2500201,Hiep,Ly,Male,2007-06-22
2500202,Thu,Ly,Male,2006-08-22
2500203,Phi,Le,Male,2007-03-28
2500204,Phong,Do,Female,2006-02-15
2500205,Ha,Le,Female,2006-06-22
2500206,Dan,Dang,Female,2006-02-23
2500207,Tan,Dang,Male,2007-08-26
2500208,Thuan,Hoang,Male,2006-04-18
2500209,Bach,Tran,Female,2006-09-15
2500210,Vy,Le,Female,2006-05-06
2500211,Tan,Ly,Female,2007-10-09
2500212,Loc,Vo,Female,2006-09-27
2500213,Chi,Ngo,Female,2006-07-26
2500214,Trang,Pham,Male,2007-03-23
2500215,Phong,Vo,Male,2006-07-03
2500216,Ynh,Bui,Female,2006-07-16
2500217,Thinh,Ly,Male,2007-10-15
2500218,Ai,Tran,Male,2006-02-08
2500219,Nhuan,Bui,Female,2007-11-09
2500220,Khang,Nguyen,Female,2006-08-04
2500221,Hong,Vo,Female,2006-03-08
2500222,Han,Ngo,Female,2007-12-25
2500223,Toan,Hoang,Male,2007-06-26
2500224,Huy,Duong,Female,2007-04-01
2500225,Hao,Pham,Male,2007-12-15
2500226,Han,Vo,Female,2006-09-10
2500227,Viet,Do,Female,2006-09-19
2500228,Thao,Tran,Female,2007-02-24
2500229,Trung,Duong,Female,2006-11-18
2500230,Lam,Tran,Female,2007-05-09
2500231,Toan,Nguyen,Male,2006-02-14
2500232,Manh,Le,Male,2007-07-13
2500233,Giang,Ly,Female,2007-07-31
2500234,Long,Duong,Female,2006-08-11
2500235,Dat,Pham,Female,2006-12-25
2500236,Vinh,Nguyen,Female,2006-02-14
2500237,Nga,Duong,Female,2006-03-08
2500238,Loan,Dang,Female,2006-01-19
2500239,Toan,Vo,Female,2006-12-18
2500240,Bach,Do,Female,2007-10-02
2500241,Le,Hoang,Female,2007-01-07
2500242,Quyen,Duong,Male,2006-08-05
2500243,Diem,Vo,Male,2007-09-14
2500244,Loc,Nguyen,Male,2006-04-26
2500245,Han,Ly,Female,2006-04-09
2500246,Mai,Dang,Male,2007-01-06
2500247,Binh,Do,Male,2006-12-03
2500248,Lam,Le,Male,2006-09-02
2500249,Hoai,Nguyen,Male,2006-10-15
2500250,Quan,Ly,Male,2007-01-23
2500251,Quang,Pham,Male,2006-09-20
2500252,Khoa,Dang,Female,2007-07-28
2500253,Phong,Le,Male,2006-04-16
2500254,Hiep,Pham,Female,2006-06-30
2500255,Xuan,Hoang,Male,2007-06-21
2500256,Ngoc,Duong,Female,2006-09-29
2500257,Cong,Pham,Male,2007-10-03
2500258,Yen,Nguyen,Female,2006-02-21
2500259,Quan,Ly,Female,2007-02-28
2500260,Bao Chau,Ly,Male,2007-07-21
2500261,Ninh,Nguyen,Female,2006-12-08
2500262,Vinh,Bui,Female,2007-10-15
2500263,Minh,Ly,Female,2006-05-27
2500264,Vinh,Vo,Female,2007-05-05
2500265,Khoa,Duong,Male,2007-07-27
2500266,Hoa,Bui,Male,2006-10-05
2500267,Long,Tran,Female,2007-07-17
2500268,Chi,Tran,Male,2007-05-21
2500269,Lan,Bui,Female,2007-12-11
2500270,Manh,Hoang,Female,2007-03-30
2500271,Phuc,Tran,Female,2006-06-30
2500272,Tan,Hoang,Male,2007-03-04
2500273,Quyen,Pham,Female,2007-04-11
2500274,Thuc,Hoang,Female,2007-02-26
2500275,Ai,Tran,Female,2007-10-11
2500276,Lien,Ngo,Male,2006-12-11
2500277,Y,Nguyen,Male,2007-08-03
2500278,Lien,Do,Female,2007-11-25
2500279,Han,Vo,Female,2007-10-13
2500280,Tam,Ngo,Female,2006-04-06
2500281,Ynh,Do,Female,2006-05-18
2500282,Lam,Duong,Male,2007-06-26
2500283,Quoc,Nguyen,Female,2007-09-30
2500284,Nhat,Tran,Female,2007-11-04
2500285,Le,Pham,Male,2006-12-26
2500286,Dan,Ngo,Female,2006-04-17
2500287,Loc,Pham,Male,2007-07-17
2500288,Hung,Vo,Female,2006-09-05
2500289,My,Ly,Female,2007-08-02
2500290,Nhuy,Duong,Female,2007-06-23
2500291,Nhan,Nguyen,Female,2006-05-14
2500292,Van,Nguyen,Male,2007-12-26
2500293,Thuc,Pham,Female,2006-08-18
2500294,Ly,Duong,Male,2007-11-15
2500295,Vy,Ngo,Female,2007-11-03
2500296,Trung,Pham,Female,2007-09-07
2500297,Yen,Bui,Male,2007-08-03
2500298,Hao,Le,Female,2006-04-16
2500299,Vi,Duong,Male,2007-10-17
2500300,Quoc,Do,Male,2006-11-27
2500301,Tam,Nguyen,Female,2006-09-11
2500302,An,Ly,Male,2007-08-17
2500303,Khoa,Duong,Male,2006-10-26
2500304,Thao,Hoang,Male,2006-06-18
2500305,Quynh,Duong,Male,2006-06-07
2500306,Long,Tran,Female,2006-01-01
2500307,Hanh,Ngo,Male,2007-05-26
2500308,Trinh,Duong,Male,2006-07-14
2500309,Thuan,Ly,Male,2007-11-25
2500310,Lan,Bui,Male,2007-12-14
2500311,Trinh,Nguyen,Male,2007-10-29
2500312,Bao Ngoc,Tran,Male,2007-01-07
2500313,Van,Tran,Male,2006-04-29
2500314,Quang,Ly,Female,2006-12-30
2500315,Viet,Hoang,Female,2007-08-31
2500316,Hieu,Do,Male,2006-01-11
2500317,Lan,Vo,Female,2006-06-29
2500318,Ngan,Duong,Female,2006-07-27
2500319,Bach,Ly,Female,2007-05-04
2500320,Thien,Hoang,Female,2007-01-10
2500321,Phung,Ly,Female,2006-11-16
2500322,Nhuy,Nguyen,Female,2007-12-05
2500323,Tien,Vo,Male,2006-03-16
2500324,Phuc,Tran,Male,2006-02-27
2500325,Ly,Pham,Male,2006-02-25
2500326,Tuan,Ly,Female,2006-11-27
2500327,Dat,Ngo,Male,2006-03-08
2500328,Lien,Duong,Male,2006-07-21
2500329,Khang,Ly,Female,2006-11-06
2500330,Phu,Pham,Male,2007-03-28
2500331,Phuc,Pham,Female,2006-10-08
2500332,Thinh,Duong,Male,2007-09-10
2500333,Trinh,Bui,Male,2007-01-02
2500334,Thao,Ly,Female,2006-02-07
2500335,Xuan,Ly,Female,2007-07-23
2500336,Nghia,Do,Female,2007-02-28
2500337,Dan,Nguyen,Male,2007-05-18
2500338,Tin,Le,Male,2006-11-04
2500339,Tuyet,Tran,Female,2007-09-26
2500340,Cam,Bui,Male,2006-06-30
2500341,Kien,Nguyen,Male,2006-10-23
2500342,Luan,Bui,Female,2007-08-10
2500343,Manh,Nguyen,Female,2006-09-22
2500344,Duong,Duong,Male,2007-12-12
2500345,Dinh,Duong,Female,2006-05-13
2500346,Bao Ngoc,Duong,Female,2006-05-08
2500347,Vi,Le,Female,2007-12-30
2500348,Phong,Le,Male,2007-11-26
2500349,Khang,Pham,Male,2007-10-17
2500350,Linh,Tran,Female,2007-04-12
2500351,Huy,Nguyen,Female,2006-09-19
2500352,Long,Vo,Male,2006-09-28
2500353,Thien,Ngo,Female,2007-01-30
2500354,An,Duong,Male,2007-02-16
2500355,Ninh,Nguyen,Male,2007-01-13
2500356,Luan,Ly,Male,2007-12-31
2500357,Nghia,Ly,Male,2007-05-17
2500358,Tuyet,Le,Male,2006-01-30
2500359,Kim,Do,Male,2007-05-09
2500360,Nhat,Tran,Male,2007-09-29
2500361,Nhi,Duong,Female,2007-03-31
2500362,Viet,Ngo,Male,2007-05-31
2500363,Phung,Nguyen,Female,2007-02-04
2500364,My,Hoang,Male,2006-01-13
2500365,Hoai,Nguyen,Male,2007-04-25
2500366,Chi,Hoang,Female,2007-11-05
2500367,Nghia,Dang,Female,2007-09-16
2500368,Manh,Bui,Female,2007-11-12
2500369,Duong,Ly,Female,2007-10-15
2500370,Cong,Nguyen,Male,2007-09-16
2500371,Chau,Do,Female,2007-08-15
2500372,Vy,Le,Male,2007-11-26
2500373,Viet,Le,Male,2007-07-15
2500374,Viet,Nguyen,Female,2007-12-16
2500375,Sy,Nguyen,Male,2007-09-19
2500376,Khoa,Bui,Male,2007-04-03
2500377,Nhu,Hoang,Female,2006-09-02
2500378,Ynh,Nguyen,Male,2006-09-02
2500379,Le,Bui,Male,2006-05-27
2500380,Dan,Ly,Female,2007-11-24
2500381,Quynh,Vo,Male,2006-09-01
2500382,Hiep,Ngo,Male,2006-11-18
2500383,Nhuan,Tran,Female,2006-11-13
2500384,Nghia,Nguyen,Male,2007-06-21
2500385,Xuan,Do,Female,2007-03-30
2500386,Nhi,Hoang,Male,2006-07-17
2500387,Trung,Duong,Female,2006-05-12
2500388,Thien,Le,Male,2007-10-02
2500389,Quyen,Nguyen,Female,2006-06-27
2500390,Khanh,Dang,Male,2006-08-07
2500391,Ngoc,Vo,Female,2007-10-07
2500392,Hao,Ngo,Male,2007-05-02
2500393,Tuyet,Vo,Female,2007-01-24
2500394,Diep,Bui,Female,2006-03-31
2500395,Giang,Pham,Male,2006-02-02
2500396,Son,Dang,Male,2006-12-24
2500397,Le,Nguyen,Female,2006-04-22
2500398,Nghi,Pham,Male,2007-07-26
2500399,Anh,Nguyen,Male,2006-09-12
2500400,Thuan,Le,Male,2007-01-07
2500401,Thu,Tran,Female,2007-04-24
2500402,Khoa,Dang,Male,2007-12-07
2500403,Lam,Le,Female,2007-12-21
2500404,Chi,Ngo,Female,2006-06-06
2500405,Bao,Ngo,Male,2006-12-22
2500406,Tuan,Nguyen,Female,2006-04-08
2500407,Tam,Hoang,Female,2006-04-10
2500408,Nhuan,Duong,Male,2007-11-05
2500409,Phuc,Nguyen,Male,2007-12-07
2500410,Oanh,Bui,Female,2007-12-23
2500411,Ha,Vo,Male,2007-01-07
2500412,Lien,Do,Female,2006-05-31
2500413,Lien,Dang,Male,2006-10-17
2500414,Vi,Nguyen,Female,2006-09-12
2500415,Toan,Ly,Female,2007-01-23
2500416,Tung,Tran,Female,2007-09-23
2500417,Dung,Hoang,Male,2007-04-11
2500418,Minh,Le,Male,2007-02-12
2500419,Anh,Duong,Female,2007-11-25
2500420,Khanh,Nguyen,Female,2006-03-26
2500421,Yen,Duong,Male,2006-08-18
2500422,Mai,Dang,Female,2007-04-26
2500423,Vy,Ngo,Male,2007-03-12
2500424,Truc,Le,Female,2007-05-22
2500425,Phat,Tran,Male,2007-05-17
2500426,Huong,Pham,Female,2007-07-06
2500427,Cam,Ly,Male,2007-03-27
2500428,Binh,Tran,Female,2007-02-12
2500429,Hung,Bui,Female,2006-10-03
2500430,Thu,Dang,Male,2006-12-24
2500431,Nhi,Ly,Female,2006-04-21
2500432,Tien,Dang,Male,2006-03-27
2500433,Oanh,Tran,Male,2006-05-03
2500434,Bao Ngoc,Vo,Female,2006-12-27
2500435,Thuan,Dang,Female,2006-08-31
2500436,Nghia,Duong,Male,2007-10-01
2500437,Bao Ngoc,Pham,Female,2006-08-26
2500438,Ha,Bui,Female,2007-05-17
2500439,Nhi,Do,Male,2006-11-24
2500440,Hai,Le,Female,2007-05-26
2500441,Nhat,Nguyen,Male,2006-03-16
2500442,Nam,Do,Male,2007-04-22
2500443,An,Vo,Female,2006-05-19
2500444,Trang,Bui,Male,2006-07-06
2500445,Toan,Ngo,Female,2007-07-06
2500446,Huong,Dang,Male,2007-04-08
2500447,Vinh,Le,Female,2007-07-06
2500448,Vy,Ngo,Female,2007-02-10
2500449,Vy,Ngo,Female,2007-06-03
2500450,Phu,Vo,Female,2006-12-10
2500451,Ngoc,Hoang,Female,2007-01-06
2500452,Diem,Dang,Female,2007-05-18
2500453,Bao Chau,Dang,Male,2006-07-14
2500454,Cong,Ly,Female,2007-10-27
2500455,Hung,Ngo,Female,2006-07-23
2500456,Ngan,Hoang,Male,2006-01-29
2500457,Bao,Pham,Male,2006-06-07
2500458,Ai,Pham,Female,2006-05-31
2500459,Bao,Tran,Female,2006-08-19
2500460,Thuc,Ly,Male,2007-04-23
2500461,An,Pham,Female,2006-07-07
2500462,Huy,Pham,Male,2007-05-22
2500463,Mai,Hoang,Male,2007-10-06
2500464,Tin,Pham,Female,2006-08-11
2500465,Nu,Hoang,Female,2006-06-03
2500466,Son,Nguyen,Female,2007-03-30
2500467,Bao Chau,Pham,Male,2006-11-13
2500468,Nhan,Bui,Female,2007-10-15
2500469,Phat,Bui,Male,2006-12-02
2500470,Lam,Pham,Male,2007-05-29
2500471,Nhu,Ngo,Male,2007-04-15
2500472,Phuc,Pham,Male,2007-12-25
2500473,Thinh,Dang,Female,2007-05-02
2500474,Minh,Do,Male,2007-04-09
2500475,Khiet,Nguyen,Female,2006-06-25
2500476,Thuy,Ngo,Female,2006-06-18
2500477,Han,Nguyen,Female,2006-11-06
2500478,Ngoc,Ngo,Male,2006-08-02
2500479,Hong,Ly,Male,2006-12-26
2500480,Ngoc,Hoang,Male,2007-06-25
2500481,Tin,Pham,Female,2006-08-30
2500482,Trung,Tran,Male,2006-06-05
2500483,Thu,Dang,Male,2006-11-17
2500484,Khoa,Pham,Female,2006-09-16
2500485,Loan,Pham,Male,2006-03-21
2500486,Van,Tran,Female,2007-05-18
2500487,Trung,Le,Female,2006-08-24
2500488,Loan,Duong,Male,2006-12-27
2500489,Phi,Nguyen,Male,2006-08-28
2500490,Hai,Do,Female,2006-07-14
2500491,An,Do,Male,2007-07-18
2500492,Son,Bui,Female,2007-05-22
2500493,Tay,Ngo,Female,2006-09-14
2500494,Van,Tran,Female,2006-03-25
2500495,Loc,Tran,Male,2007-05-31
2500496,Thien,Bui,Male,2006-02-03
2500497,Sy,Vo,Male,2007-07-12
2500498,Hanh,Dang,Female,2006-03-10
2500499,Nu,Duong,Female,2006-02-12
2500500,Phong,Duong,Male,2007-05-21
2500501,Trang,Le,Female,2006-08-05
2500502,Duong,Ngo,Male,2007-11-21
2500503,Tien,Do,Female,2006-11-01
2500504,Huong,Ngo,Male,2006-12-20
2500505,Ninh,Tran,Female,2006-10-26
2500506,Khanh,Pham,Female,2006-11-02
2500507,Tuyet,Nguyen,Male,2006-10-14
2500508,Loc,Tran,Male,2007-07-13
2500509,Phuong,Dang,Female,2007-10-02
2500510,Nhat,Do,Male,2006-05-07
2500511,Tuan,Vo,Male,2006-10-20
2500512,Nghia,Ngo,Male,2006-03-06
2500513,Kien,Ngo,Male,2006-06-02
2500514,Nhuy,Do,Female,2006-01-13
2500515,Tam,Duong,Male,2007-09-29
2500516,Nhi,Pham,Female,2006-12-13
2500517,Chau,Vo,Female,2006-11-17
2500518,Xuan,Ly,Male,2006-04-25
2500519,Thanh,Hoang,Female,2006-11-21
2500520,Kien,Tran,Male,2006-11-07
2500521,Linh,Vo,Male,2007-09-29
2500522,Uyen,Duong,Female,2006-10-25
2500523,Dinh,Bui,Male,2007-05-13
2500524,Nghia,Dang,Female,2006-09-19
2500525,Dinh,Le,Male,2006-01-30
2500526,Hong,Pham,Female,2006-07-25
2500527,Mai,Hoang,Male,2007-03-12
2500528,Cam,Hoang,Female,2007-09-18
2500529,Hoa,Tran,Female,2006-05-31
2500530,Vi,Dang,Female,2007-12-15
2500531,Cuong,Duong,Female,2006-04-01
2500532,Duong,Ly,Female,2007-08-21
2500533,Phu,Dang,Female,2007-08-06
2500534,Long,Tran,Male,2007-03-08
2500535,Bao Chau,Dang,Female,2006-03-02
2500536,Vi,Tran,Male,2006-05-20
2500537,Trang,Hoang,Female,2006-12-14
2500538,Van,Hoang,Male,2007-05-28
2500539,Loc,Nguyen,Male,2006-07-24
2500540,Oanh,Nguyen,Male,2007-04-04
2500541,Sy,Pham,Male,2007-01-25
2500542,Long,Nguyen,Male,2006-02-19
2500543,Tien,Pham,Male,2006-06-20
2500544,Thao,Ngo,Female,2007-12-20
2500545,Tuyet,Duong,Female,2007-09-23
2500546,Chi,Le,Male,2007-09-02
2500547,Ly,Hoang,Male,2007-01-23
2500548,Huong,Tran,Female,2006-10-11
2500549,Hoa,Duong,Male,2007-11-12
2500550,Phong,Nguyen,Female,2007-10-29
2500551,Tan,Pham,Female,2006-10-17
2500552,Diep,Pham,Female,2006-11-02
2500553,Lam,Dang,Male,2007-06-15
2500554,Chi,Vo,Female,2007-07-10
2500555,Hung,Le,Male,2006-05-17
2500556,Vi,Ngo,Male,2006-06-02
2500557,Son,Ngo,Male,2006-08-17
2500558,Bao,Le,Female,2007-08-05
2500559,Nga,Nguyen,Female,2007-07-09
2500560,Trung,Vo,Male,2006-04-28
2500561,Thanh,Do,Female,2006-08-30
2500562,Nghi,Le,Male,2006-11-26
2500563,Thanh,Le,Female,2007-10-20
2500564,Phat,Pham,Male,2007-05-07
2500565,Phong,Vo,Male,2006-11-25
2500566,Mai,Hoang,Female,2007-09-21
2500567,Nga,Do,Female,2006-04-16
2500568,Y,Ly,Male,2007-11-18
2500569,Thien,Hoang,Female,2006-10-18
2500570,Hong,Duong,Female,2006-01-06
2500571,Phuc,Do,Female,2007-08-14
2500572,Nam,Hoang,Male,2006-11-07
2500573,Lan,Duong,Male,2007-04-08
2500574,Vi,Ngo,Male,2007-01-25
2500575,Tri,Ly,Male,2006-01-24
2500576,Ha,Nguyen,Female,2006-09-20
2500577,Bach,Pham,Male,2007-06-12
2500578,My,Tran,Male,2006-05-18
2500579,Hoai,Do,Female,2007-09-09
2500580,Phi,Le,Male,2006-10-01
2500581,Thao,Tran,Male,2007-10-05
2500582,Phong,Tran,Female,2007-10-09
2500583,Hung,Dang,Female,2006-05-04
2500584,Long,Pham,Female,2006-03-02
2500585,Lam,Vo,Male,2006-05-12
2500586,Nghi,Bui,Female,2007-02-27
2500587,Thuan,Ly,Male,2007-06-03
2500588,Sang,Vo,Male,2006-10-02
2500589,Quan,Nguyen,Female,2007-02-07
2500590,Sang,Dang,Female,2006-10-16
2500591,Thuan,Hoang,Male,2007-02-11
2500592,Anh,Pham,Female,2006-12-14
2500593,Nhat,Duong,Female,2006-11-14
2500594,Hiep,Bui,Female,2007-12-06
2500595,Nghi,Bui,Male,2006-06-05
2500596,Kim,Nguyen,Male,2007-03-16
2500597,Van,Vo,Male,2007-12-22
2500598,Nga,Duong,Male,2007-12-14
2500599,Khiet,Tran,Female,2006-09-29
2500600,Quan,Ngo,Female,2007-02-04
2500601,Phuc,Vo,Male,2007-08-13
2500602,Thu,Ngo,Male,2006-07-05
2500603,Huong,Nguyen,Male,2007-07-04
2500604,Nhat,Hoang,Male,2006-05-08
2500605,Y,Dang,Male,2007-08-23
2500606,Dat,Dang,Female,2007-04-22
2500607,Yen,Vo,Female,2006-02-02
2500608,Quyen,Le,Male,2006-09-29
2500609,Khang,Le,Male,2006-05-03
2500610,Khiet,Ly,Male,2006-08-17
2500611,Nam,Ngo,Male,2006-12-13
2500612,Hong,Tran,Male,2006-07-23
2500613,Khanh,Vo,Female,2006-07-31
2500614,Cong,Bui,Male,2007-01-12
2500615,Dan,Do,Male,2007-01-15
2500616,Nhuy,Ly,Male,2007-04-08
2500617,Sy,Ly,Female,2006-10-30
2500618,Phu,Do,Male,2007-06-26
2500619,Nhan,Nguyen,Male,2006-06-25
2500620,Huong,Bui,Male,2007-01-13
2500621,Quang,Nguyen,Female,2007-09-28
2500622,Huy,Hoang,Female,2007-01-23
2500623,Nhuan,Nguyen,Male,2007-11-16
2500624,Thien,Le,Female,2007-11-04
2500625,Bach,Do,Female,2007-07-25
2500626,Tien,Dang,Male,2006-05-12
2500627,Minh,Pham,Female,2006-10-01
2500628,Cuong,Do,Female,2006-06-13
2500629,Mai,Dang,Female,2007-09-26
2500630,Le,Nguyen,Male,2007-03-22
2500631,Chau,Le,Female,2006-04-17
2500632,Quyen,Ngo,Male,2007-07-30
2500633,Manh,Pham,Female,2007-09-02
2500634,Y,Ly,Male,2007-11-29
2500635,Quang,Hoang,Male,2007-08-11
2500636,Tuyet,Ngo,Male,2007-04-18
2500637,Hoai,Nguyen,Male,2007-12-02
2500638,Nhuy,Hoang,Female,2007-06-14
2500639,Dan,Dang,Female,2006-11-15
2500640,Ngan,Pham,Female,2006-09-07
2500641,Tri,Duong,Female,2006-08-05
2500642,Van,Tran,Female,2007-08-28
2500643,Nhuy,Nguyen,Female,2006-12-26
2500644,Ninh,Tran,Female,2006-09-11
2500645,Lien,Do,Male,2006-04-25
2500646,Khoa,Hoang,Female,2007-12-15
2500647,Thuy,Duong,Male,2007-03-14
2500648,Phat,Tran,Female,2006-01-22
2500649,Nghia,Ly,Male,2006-06-06
2500650,Quynh,Ly,Female,2006-04-02
2500651,Tam,Pham,Female,2006-12-04
2500652,Ai,Hoang,Male,2007-10-09
2500653,Quang,Vo,Male,2006-10-03
2500654,Cong,Do,Female,2007-04-21
2500655,Nghi,Nguyen,Male,2006-12-11
2500656,Hoa,Dang,Male,2007-12-03
2500657,Thanh,Ngo,Female,2006-07-29
2500658,Bao Chau,Bui,Male,2006-02-16
2500659,Huy,Duong,Male,2007-02-05
2500660,Binh,Tran,Male,2007-04-30
2500661,Long,Ngo,Female,2007-02-27
2500662,Sang,Nguyen,Male,2006-12-25
2500663,Nhat,Tran,Male,2006-11-24
2500664,Hanh,Bui,Female,2006-03-22
2500665,Dan,Duong,Male,2007-03-11
2500666,Tay,Dang,Male,2006-04-20
2500667,Sy,Ly,Female,2007-08-12
2500668,Tin,Hoang,Male,2007-01-07
2500669,My,Nguyen,Male,2007-02-08
2500670,Hong,Nguyen,Female,2007-02-23
2500671,Vinh,Hoang,Male,2007-03-02
2500672,Tuan,Nguyen,Female,2006-12-04
2500673,Ninh,Vo,Female,2007-04-19
2500674,Ha,Duong,Female,2006-12-14
2500675,Binh,Le,Male,2007-01-20
2500676,Bach,Ly,Female,2006-11-03
2500677,Nhat,Ly,Male,2006-09-07
2500678,Nghi,Do,Female,2007-12-17
2500679,Ngoc,Duong,Male,2007-12-15
2500680,Bach,Nguyen,Female,2007-11-04
2500681,Tam,Ngo,Male,2007-06-03
2500682,Trinh,Vo,Female,2007-11-28
2500683,Thuc,Hoang,Male,2007-04-30
2500684,My,Tran,Male,2007-12-17
2500685,Lan,Nguyen,Female,2006-08-29
2500686,Tan,Pham,Male,2007-06-22
2500687,Son,Nguyen,Male,2007-05-15
2500688,Nhat,Vo,Male,2007-10-08
2500689,Nhi,Hoang,Female,2006-05-19
2500690,Phi,Do,Male,2006-01-20
2500691,Loan,Hoang,Female,2006-01-20
2500692,Hao,Dang,Male,2006-06-28
2500693,Ninh,Le,Female,2007-01-08
2500694,Thanh,Ly,Male,2006-12-16
2500695,Nu,Ly,Female,2006-08-29
2500696,Phi,Ly,Male,2007-04-12
2500697,Huy,Ly,Male,2007-02-03
2500698,Nhuy,Dang,Female,2006-12-26
2500699,Nhi,Hoang,Male,2007-03-18
2500700,Thinh,Duong,Male,2006-06-10
2500701,Son,Tran,Female,2006-05-20
2500702,Trinh,Ly,Male,2006-03-24
2500703,Viet,Duong,Female,2007-11-04
2500704,Nu,Tran,Male,2006-05-18
2500705,Tay,Nguyen,Female,2007-01-18
2500706,Nhuy,Duong,Male,2007-01-18
2500707,Ha,Tran,Male,2007-08-05
2500708,Phi,Le,Female,2007-02-21
2500709,Lan,Dang,Male,2007-07-29
2500710,Tuyet,Ly,Male,2006-04-27
2500711,Hoai,Tran,Female,2006-08-11
2500712,Le,Dang,Female,2007-08-08
2500713,Nhat,Dang,Female,2006-07-27
2500714,Phat,Ly,Male,2006-07-25
2500715,Ha,Ly,Female,2006-12-31
2500716,Quan,Ly,Male,2006-04-27
2500717,Tay,Nguyen,Female,2007-02-26
2500718,Lan,Pham,Male,2007-10-02
2500719,Lam,Pham,Female,2006-10-20
2500720,Hieu,Hoang,Female,2007-01-04
2500721,Phi,Nguyen,Male,2006-09-02
2500722,Vy,Pham,Male,2006-05-02
2500723,Chi,Pham,Male,2007-05-05
2500724,Truc,Ly,Male,2006-01-24
2500725,Kim,Dang,Female,2007-10-10
2500726,Ninh,Ngo,Female,2006-09-16
2500727,Bao,Hoang,Female,2007-02-17
2500728,Nhu,Pham,Female,2007-03-08
2500729,Ngan,Ly,Female,2006-06-11
2500730,Ynh,Pham,Female,2006-08-16
2500731,Ngan,Ly,Male,2006-05-20
2500732,Nhu,Pham,Male,2007-04-05
2500733,Oanh,Hoang,Female,2007-01-05
2500734,Quang,Nguyen,Male,2007-02-14
2500735,Phuc,Ly,Female,2006-10-10
2500736,Dao,Ly,Male,2007-02-26
2500737,Nu,Do,Male,2006-03-08
2500738,Son,Dang,Male,2006-02-28
2500739,Tin,Hoang,Male,2006-04-19
2500740,Nhi,Nguyen,Male,2006-03-02
2500741,Luan,Hoang,Male,2006-08-26
2500742,Quyen,Hoang,Female,2006-06-12
2500743,Hung,Nguyen,Female,2007-10-20
2500744,Ly,Nguyen,Male,2007-05-16
2500745,Thuc,Pham,Female,2006-02-04
2500746,Nhat,Ly,Male,2006-04-28
2500747,Tuyet,Dang,Female,2007-09-29
2500748,Vi,Tran,Male,2006-12-08
2500749,Tay,Nguyen,Male,2007-01-18
2500750,Cam,Dang,Female,2007-10-03
2500751,Thuan,Nguyen,Female,2006-12-31
2500752,Phung,Ngo,Male,2006-01-16
2500753,Dat,Vo,Male,2006-06-07
2500754,Phat,Duong,Male,2006-08-02
2500755,Thuan,Dang,Female,2006-09-06
2500756,Dung,Vo,Female,2007-09-02
2500757,Chi,Duong,Female,2007-03-19
2500758,Nam,Ngo,Male,2007-09-25
2500759,Ly,Le,Male,2006-07-14
2500760,Kien,Ly,Female,2007-10-05
2500761,Hai,Dang,Female,2006-05-25
2500762,Cuong,Nguyen,Male,2006-04-04
2500763,Thinh,Hoang,Male,2007-11-09
2500764,Vi,Tran,Female,2007-09-08
2500765,Lam,Bui,Male,2007-09-23
2500766,Quynh,Hoang,Female,2006-11-14
2500767,Tri,Bui,Male,2006-04-05
2500768,Cong,Tran,Female,2007-12-21
2500769,Khanh,Do,Male,2007-12-02
2500770,Ha,Hoang,Male,2007-11-10
2500771,Phong,Dang,Male,2006-06-10
2500772,Tay,Le,Female,2006-02-05
2500773,Xuan,Duong,Male,2006-12-14
2500774,Tuyet,Duong,Female,2006-03-09
2500775,Cong,Nguyen,Female,2007-08-18
2500776,Phi,Ly,Male,2006-06-30
2500777,Ngoc,Tran,Male,2007-08-09
2500778,Sang,Pham,Male,2007-04-20
2500779,Chi,Vo,Female,2006-12-02
2500780,Phat,Do,Male,2007-08-27
2500781,Hai,Tran,Female,2006-04-07
2500782,Nhan,Do,Female,2006-09-24
2500783,Long,Nguyen,Male,2007-11-24
2500784,Giang,Le,Female,2006-12-06
2500785,Vy,Duong,Female,2007-04-02
2500786,Cong,Bui,Female,2007-04-22
2500787,Sy,Vo,Male,2007-07-11
2500788,Manh,Ngo,Female,2006-05-21
2500789,Diem,Ngo,Male,2006-08-15
2500790,Nu,Le,Male,2007-05-15
2500791,Ngan,Hoang,Female,2007-02-19
2500792,Hung,Nguyen,Female,2007-01-01
2500793,Oanh,Le,Male,2006-09-02
2500794,Lan,Le,Female,2006-06-25
2500795,An,Nguyen,Female,2007-07-29
2500796,Trinh,Ngo,Female,2007-02-26
2500797,Lam,Duong,Male,2006-09-23
2500798,Duong,Vo,Female,2007-08-11
2500799,Thien,Vo,Female,2007-01-14
2500800,Nghia,Ly,Male,2007-10-05
2500801,Duong,Ly,Female,2007-08-11
2500802,Ngan,Do,Male,2007-07-10
2500803,Dat,Ly,Male,2006-09-10
2500804,Nhi,Do,Male,2006-10-24
2500805,Son,Dang,Female,2006-01-29
2500806,Chi,Dang,Male,2006-02-16
2500807,Uyen,Nguyen,Male,2007-08-22
2500808,Diep,Pham,Female,2007-07-05
2500809,Quoc,Ngo,Male,2006-12-20
2500810,Thai,Vo,Female,2007-07-03
2500811,Luan,Ly,Female,2006-10-17
2500812,Khang,Ly,Male,2007-11-30
2500813,Nhuy,Bui,Male,2006-02-04
2500814,Tay,Bui,Male,2006-07-09
2500815,Thong,Ly,Female,2006-07-04
2500816,Cam,Vo,Female,2007-07-28
2500817,Thao,Vo,Female,2007-05-27
2500818,Vi,Bui,Male,2006-08-26
2500819,Nghi,Do,Male,2007-12-29
2500820,Thinh,Duong,Female,2007-12-26
2500821,Nhat,Ly,Female,2007-01-30
2500822,Nhi,Hoang,Female,2007-01-03
2500823,Ngoc,Tran,Male,2006-10-16
2500824,Le,Le,Female,2006-10-26
2500825,Kim,Do,Female,2007-10-04
2500826,Quynh,Bui,Male,2006-12-29
2500827,Phuc,Nguyen,Female,2007-03-29
2500828,Tri,Ly,Male,2007-09-26
2500829,Vi,Dang,Male,2006-05-07
2500830,Cuong,Pham,Male,2007-09-17
2500831,Sang,Hoang,Female,2006-03-22
2500832,Khoa,Pham,Male,2006-11-09
2500833,Le,Nguyen,Male,2006-07-25
2500834,Nam,Duong,Female,2007-06-12
2500835,Thu,Tran,Female,2007-01-28
2500836,Ngoc,Pham,Female,2006-02-16
2500837,Quan,Le,Female,2007-11-22
2500838,Giang,Dang,Female,2007-01-26
2500839,Vi,Pham,Female,2007-05-11
2500840,Phat,Bui,Female,2007-10-04
2500841,Bach,Tran,Male,2006-04-08
2500842,Xuan,Pham,Female,2006-07-23
2500843,Dinh,Ly,Female,2006-04-29
2500844,Luan,Nguyen,Male,2007-12-22
2500845,Quynh,Nguyen,Female,2006-09-15
2500846,Nhi,Ngo,Female,2006-01-06
2500847,Truc,Bui,Male,2006-12-18
2500848,Dung,Do,Male,2006-08-07
2500849,Thuy,Tran,Male,2006-04-29
2500850,Thai,Do,Female,2006-02-18
2500851,Son,Hoang,Female,2006-04-06
2500852,Kien,Ly,Female,2006-10-26
2500853,Linh,Vo,Male,2006-03-11
2500854,Tung,Duong,Male,2007-10-12
2500855,Dat,Ly,Male,2007-01-06
2500856,Nam,Bui,Female,2007-08-14
2500857,Le,Do,Male,2007-06-07
2500858,Lan,Hoang,Male,2006-10-01
2500859,Tri,Do,Female,2006-09-17
2500860,Quang,Hoang,Female,2007-07-01
2500861,Ha,Bui,Female,2007-09-13
2500862,Cam,Bui,Female,2006-04-06
2500863,Quang,Nguyen,Female,2007-09-02
2500864,Trang,Le,Female,2007-04-25
2500865,Nhat,Do,Male,2007-05-16
2500866,Bao Ngoc,Le,Male,2007-05-10
2500867,Loan,Hoang,Female,2006-11-06
2500868,Nhi,Ly,Female,2007-11-04
2500869,Khiet,Do,Female,2006-07-13
2500870,Tam,Vo,Female,2007-09-18
2500871,Hai,Nguyen,Male,2007-05-06
2500872,Tan,Vo,Female,2006-07-15
2500873,Giang,Le,Female,2006-01-05
2500874,Dinh,Duong,Male,2007-06-19
2500875,Ly,Duong,Female,2007-05-26
2500876,Chau,Hoang,Female,2007-01-10
2500877,Cong,Nguyen,Female,2007-12-14
2500878,Van,Hoang,Male,2006-07-16
2500879,Nhuan,Do,Male,2006-08-25
2500880,Trang,Duong,Female,2006-02-20
2500881,Nhan,Dang,Female,2007-10-22
2500882,Ngoc,Pham,Male,2007-06-16
2500883,Giang,Vo,Male,2007-04-06
2500884,Ynh,Duong,Female,2006-02-04
2500885,Viet,Tran,Male,2006-12-20
2500886,Loan,Ngo,Female,2006-10-27
2500887,Anh,Do,Female,2007-08-08
2500888,Vy,Duong,Female,2006-10-05
2500889,Giang,Ngo,Female,2007-06-19
2500890,Son,Le,Male,2006-12-01
2500891,Phuc,Nguyen,Male,2007-01-25
2500892,Phuong,Tran,Female,2007-04-24
2500893,Khang,Le,Female,2006-11-25
2500894,Chi,Hoang,Female,2007-12-20
2500895,Nghi,Ngo,Female,2007-07-15
2500896,Manh,Vo,Female,2007-09-29
2500897,Nghia,Hoang,Male,2006-06-12
2500898,Quyen,Ly,Male,2007-03-07
2500899,Tin,Ngo,Female,2006-12-15
2500900,Sang,Tran,Male,2007-01-01
2500901,Phuc,Ly,Female,2007-01-14
2500902,Sang,Ly,Female,2007-09-11
2500903,Hoa,Do,Female,2007-06-08
2500904,Phuc,Vo,Male,2007-07-26
2500905,Sang,Vo,Male,2006-09-24
2500906,Dat,Tran,Male,2006-07-02
2500907,Thinh,Dang,Male,2007-05-08
2500908,Dinh,Nguyen,Male,2006-01-31
2500909,Hai,Hoang,Male,2007-05-28
2500910,Thuc,Le,Male,2006-10-14
2500911,Khanh,Pham,Male,2007-09-17
2500912,Phung,Le,Male,2007-11-06
2500913,An,Duong,Female,2007-08-31
2500914,Ngoc,Bui,Male,2007-03-16
2500915,Huy,Ly,Male,2006-03-04
2500916,Khiet,Dang,Male,2006-04-19
2500917,Ninh,Nguyen,Male,2007-05-18
2500918,Le,Ngo,Female,2007-09-23
2500919,Phung,Bui,Male,2006-04-15
2500920,Kim,Dang,Female,2007-09-27
2500921,Thuan,Le,Female,2007-07-08
2500922,Quoc,Vo,Female,2006-03-05
2500923,Chi,Vo,Female,2006-12-04
2500924,Le,Duong,Female,2007-09-09
2500925,Bao Chau,Duong,Female,2007-03-02
2500926,Hung,Le,Male,2007-04-25
2500927,Ai,Dang,Female,2006-09-13
2500928,Hung,Pham,Male,2006-11-11
2500929,Nhat,Tran,Male,2007-06-06
2500930,Dung,Hoang,Male,2006-09-21
2500931,Dinh,Hoang,Female,2006-01-16
2500932,Quoc,Bui,Male,2007-05-21
2500933,Le,Dang,Male,2007-11-07
2500934,Yen,Do,Female,2007-10-14
2500935,Binh,Pham,Male,2007-01-05
2500936,Vi,Hoang,Male,2007-02-14
2500937,Hai,Ngo,Male,2007-10-16
2500938,Dinh,Nguyen,Male,2006-06-14
2500939,Cam,Ly,Female,2006-05-15
2500940,Trung,Ngo,Male,2007-03-06
2500941,Sang,Ngo,Male,2006-10-20
2500942,Xuan,Duong,Female,2007-06-15
2500943,Y,Ly,Male,2007-06-21
2500944,Bao Chau,Bui,Female,2006-10-03
2500945,Thuan,Le,Female,2006-05-11
2500946,Toan,Dang,Male,2006-12-06
2500947,Cuong,Dang,Female,2006-01-03
2500948,Tuan,Ly,Female,2007-03-06
2500949,Nam,Vo,Female,2006-12-04
2500950,Cong,Vo,Male,2007-08-14
2500951,Nhat,Do,Male,2007-10-14
2500952,Lam,Vo,Female,2006-05-28
2500953,Le,Vo,Female,2006-02-01
2500954,Hong,Ngo,Male,2007-10-10
2500955,Hai,Dang,Male,2007-12-08
2500956,Uyen,Ly,Male,2006-01-17
2500957,Thien,Ngo,Male,2006-09-28
2500958,Thuan,Bui,Female,2007-10-20
2500959,Trang,Le,Female,2006-08-08
2500960,Bach,Bui,Male,2006-12-27
2500961,Mai,Do,Male,2006-09-14
2500962,Tan,Duong,Female,2007-02-14
2500963,Giang,Ly,Male,2006-07-15
2500964,Nghi,Duong,Male,2007-12-13
2500965,Ngoc,Pham,Male,2006-12-31
2500966,Thanh,Tran,Male,2006-03-01
2500967,Quyen,Hoang,Male,2007-07-22
2500968,Diem,Ly,Male,2007-01-15
2500969,Thu,Duong,Male,2007-08-19
2500970,Khang,Tran,Male,2007-01-21
2500971,Ha,Vo,Female,2007-03-18
2500972,Thinh,Bui,Male,2007-04-30
2500973,Hieu,Vo,Female,2007-10-06
2500974,Kim,Ly,Female,2007-12-03
2500975,Dan,Ly,Male,2007-01-08
2500976,Phung,Do,Female,2007-12-01
2500977,Tung,Bui,Female,2007-04-08
2500978,Giang,Pham,Male,2006-04-22
2500979,Duong,Bui,Male,2007-03-15
2500980,Thu,Hoang,Female,2006-12-04
2500981,Thuc,Do,Female,2006-04-12
2500982,Linh,Bui,Female,2007-06-09
2500983,Luan,Ly,Female,2006-03-30
2500984,Bao,Pham,Male,2006-07-23
2500985,Minh,Hoang,Female,2007-04-24
2500986,Linh,Nguyen,Male,2006-02-19
2500987,Mai,Ngo,Male,2007-10-16
2500988,Tin,Vo,Female,2006-02-16
2500989,Minh,Ly,Female,2007-06-17
2500990,Diem,Nguyen,Male,2007-07-21
2500991,Kim,Pham,Female,2006-01-08
2500992,Loc,Duong,Male,2007-04-01
2500993,Quynh,Ly,Female,2006-11-27
2500994,Cong,Dang,Male,2006-10-12
2500995,Nhan,Pham,Male,2007-01-14
2500996,Phu,Do,Female,2006-04-17
2500997,Long,Vo,Female,2007-11-04
2500998,Bao,Le,Male,2007-10-15
2500999,Phu,Duong,Male,2006-12-24
2501000,Thinh,Le,Male,2007-04-17
